datetime;entity;type;message
2025-01-01 18:35:34;SampleClass6;INFO;everything normal for id 577725851
2025-01-01 18:35:34;SampleClass4;FATAL;system problem at id 1991281254
2025-01-01 18:35:34;SampleClass3;DEBUG;detail for id 1304807656
2025-01-01 18:35:34;SampleClass3;WARN;missing id 423340895
2025-01-01 18:35:34;SampleClass5;TRACE;verbose detail for id 2082654978
2025-01-01 18:35:34;SampleClass0;ERROR;incorrect id  1886438513
2025-01-01 18:35:34;SampleClass9;TRACE;verbose detail for id 438634209
2025-01-01 18:35:34;SampleClass8;DEBUG;detail for id 2074121310
2025-01-01 18:35:34;SampleClass0;TRACE;verbose detail for id 1505582508
2025-01-01 18:35:34;SampleClass0;TRACE;verbose detail for id 1903854437
2025-01-01 18:35:34;SampleClass7;DEBUG;detail for id 915853141
2025-01-01 18:35:34;SampleClass3;TRACE;verbose detail for id 303132401
2025-01-01 18:35:34;SampleClass6;TRACE;verbose detail for id 151914369
2025-01-01 18:35:34;SampleClass2;DEBUG;detail for id 146527742
2025-01-01 18:35:34;SampleClass5;TRACE;verbose detail for id 1147275656
2025-01-01 18:35:34;SampleClass0;TRACE;verbose detail for id 1639322587
2025-01-01 18:35:34;SampleClass0;DEBUG;detail for id 1947448465
2025-01-01 18:35:34;SampleClass8;INFO;everything normal for id 146253849
2025-01-01 18:35:34;SampleClass9;TRACE;verbose detail for id 1608957378
2025-01-01 18:35:34;SampleClass0;TRACE;verbose detail for id 1183808280
2025-01-01 18:35:34;SampleClass4;DEBUG;detail for id 1395585766
2025-01-01 18:35:34;SampleClass4;TRACE;verbose detail for id 155983096
2025-01-01 18:35:34;SampleClass5;TRACE;verbose detail for id 1632884948
2025-01-01 18:35:34;SampleClass2;DEBUG;detail for id 110682237
2025-01-01 18:35:34;SampleClass3;TRACE;verbose detail for id 1739786736
2025-01-01 18:35:34;SampleClass5;TRACE;verbose detail for id 792309118
2025-01-01 18:35:34;SampleClass1;DEBUG;detail for id 1142802377
2025-01-01 18:35:34;SampleClass2;TRACE;verbose detail for id 1559025043
2025-01-01 18:35:34;SampleClass7;TRACE;verbose detail for id 40752315
2025-01-01 18:35:34;SampleClass8;DEBUG;detail for id 499737644
2025-01-01 18:35:34;SampleClass6;TRACE;verbose detail for id 400342153
2025-01-01 18:35:34;SampleClass4;INFO;everything normal for id 1868490543
2025-01-01 18:35:34;SampleClass2;DEBUG;detail for id 2059812448
2025-01-01 18:35:34;SampleClass5;TRACE;verbose detail for id 766423792
2025-01-01 18:35:34;SampleClass3;TRACE;verbose detail for id 671674205
2025-01-01 18:35:34;SampleClass3;DEBUG;detail for id 2146263624
2025-01-01 18:35:34;SampleClass1;TRACE;verbose detail for id 619472373
2025-01-01 18:35:34;SampleClass5;TRACE;verbose detail for id 1391429871
2025-01-01 18:35:34;SampleClass1;DEBUG;detail for id 1522968690
2025-01-01 18:35:34;SampleClass1;TRACE;verbose detail for id 173216708
2025-01-01 18:35:34;SampleClass5;TRACE;verbose detail for id 1089864222
2025-01-01 18:35:34;SampleClass0;DEBUG;detail for id 778459926
2025-01-01 18:35:34;SampleClass2;TRACE;verbose detail for id 775158107
2025-01-01 18:35:34;SampleClass8;TRACE;verbose detail for id 1143165501
2025-01-01 18:35:34;SampleClass5;DEBUG;detail for id 1533873133
2025-01-01 18:35:34;SampleClass9;INFO;everything normal for id 1916666627
2025-01-01 18:35:34;SampleClass7;TRACE;verbose detail for id 1530726118
2025-01-01 18:35:34;SampleClass3;TRACE;verbose detail for id 38243257
2025-01-01 18:35:34;SampleClass7;DEBUG;detail for id 1268939592
2025-01-02 18:35:34;SampleClass0;TRACE;verbose detail for id 309815198
2025-01-02 18:35:34;SampleClass3;TRACE;verbose detail for id 468333359
2025-01-02 18:35:34;SampleClass8;DEBUG;detail for id 1825950524
2025-01-02 18:35:34;SampleClass1;TRACE;verbose detail for id 1437966113
2025-01-02 18:35:34;SampleClass9;TRACE;verbose detail for id 224128931
2025-01-02 18:35:34;SampleClass2;DEBUG;detail for id 1536041481
2025-01-02 18:35:34;SampleClass6;TRACE;verbose detail for id 565782217
2025-01-02 18:35:34;SampleClass0;DEBUG;detail for id 1173921159
2025-01-02 18:35:34;SampleClass0;TRACE;verbose detail for id 1270949141
2025-01-02 18:35:34;SampleClass8;TRACE;verbose detail for id 2013059990
2025-01-02 18:35:34;SampleClass5;INFO;everything normal for id 739587626
2025-01-02 18:35:34;SampleClass3;DEBUG;detail for id 552130153
2025-01-02 18:35:34;SampleClass7;TRACE;verbose detail for id 1100232257
2025-01-02 18:35:34;SampleClass5;TRACE;verbose detail for id 1395624416
2025-01-02 18:35:34;SampleClass9;DEBUG;detail for id 342163745
2025-01-02 18:35:34;SampleClass3;TRACE;verbose detail for id 617561588
2025-01-02 18:35:34;SampleClass7;TRACE;verbose detail for id 1310951787
2025-01-02 18:35:34;SampleClass6;DEBUG;detail for id 2002740153
2025-01-02 18:35:34;SampleClass0;TRACE;verbose detail for id 1557575416
2025-01-02 18:35:34;SampleClass9;TRACE;verbose detail for id 1983250681
2025-01-02 18:35:34;SampleClass6;DEBUG;detail for id 1173250086
2025-01-02 18:35:34;SampleClass9;TRACE;verbose detail for id 1798066635
2025-01-02 18:35:34;SampleClass0;TRACE;verbose detail for id 931939552
2025-01-02 18:35:34;SampleClass6;DEBUG;detail for id 134320441
2025-01-02 18:35:34;SampleClass4;TRACE;verbose detail for id 422428024
2025-01-02 18:35:34;SampleClass7;INFO;everything normal for id 2050832396
2025-01-02 18:35:34;SampleClass2;TRACE;verbose detail for id 435411914
2025-01-02 18:35:34;SampleClass2;DEBUG;detail for id 1375153288
2025-01-02 18:35:34;SampleClass7;TRACE;verbose detail for id 1285719039
2025-01-02 18:35:34;SampleClass5;TRACE;verbose detail for id 145402884
2025-01-02 18:35:34;SampleClass6;DEBUG;detail for id 1564658346
2025-01-02 18:35:34;SampleClass8;TRACE;verbose detail for id 1932959719
2025-01-02 18:35:34;SampleClass7;DEBUG;detail for id 847623795
2025-01-02 18:35:34;SampleClass0;TRACE;verbose detail for id 559617879
2025-01-02 18:35:34;SampleClass4;TRACE;verbose detail for id 765627069
2025-01-02 18:35:34;SampleClass6;DEBUG;detail for id 1224092320
2025-01-02 18:35:34;SampleClass5;TRACE;verbose detail for id 1258772657
2025-01-02 18:35:34;SampleClass9;TRACE;verbose detail for id 1113842096
2025-01-02 18:35:34;SampleClass7;INFO;everything normal for id 781623964
2025-01-02 18:35:34;SampleClass3;DEBUG;detail for id 1426603165
2025-01-02 18:35:34;SampleClass7;TRACE;verbose detail for id 1912528762
2025-01-02 18:35:34;SampleClass9;TRACE;verbose detail for id 1616164055
2025-01-02 18:35:34;SampleClass3;DEBUG;detail for id 362382078
2025-01-02 18:35:34;SampleClass2;TRACE;verbose detail for id 457029489
2025-01-02 18:35:34;SampleClass3;TRACE;verbose detail for id 218393462
2025-01-02 18:35:34;SampleClass0;DEBUG;detail for id 645848704
2025-01-02 18:35:34;SampleClass4;TRACE;verbose detail for id 371434395
2025-01-02 18:35:34;SampleClass8;TRACE;verbose detail for id 686364317
2025-01-02 18:35:34;SampleClass6;DEBUG;detail for id 1030368497
2025-01-02 18:35:34;SampleClass4;TRACE;verbose detail for id 411397730
2025-01-03 18:35:34;SampleClass4;TRACE;verbose detail for id 591446031
2025-01-03 18:35:34;SampleClass8;DEBUG;detail for id 1794773877
2025-01-03 18:35:34;SampleClass2;TRACE;verbose detail for id 1089970947
2025-01-03 18:35:34;SampleClass3;INFO;everything normal for id 547313934
2025-01-03 18:35:34;SampleClass9;DEBUG;detail for id 16598231
2025-01-03 18:35:34;SampleClass3;TRACE;verbose detail for id 360863885
2025-01-03 18:35:34;SampleClass1;TRACE;verbose detail for id 708369257
2025-01-03 18:35:34;SampleClass1;DEBUG;detail for id 61674798
2025-01-03 18:35:34;SampleClass6;TRACE;verbose detail for id 772551455
2025-01-03 18:35:34;SampleClass0;TRACE;verbose detail for id 210906854
2025-01-03 18:35:34;SampleClass3;DEBUG;detail for id 52023398
2025-01-03 18:35:34;SampleClass2;TRACE;verbose detail for id 1486660878
2025-01-03 18:35:34;SampleClass2;TRACE;verbose detail for id 1158450661
2025-01-03 18:35:34;SampleClass0;DEBUG;detail for id 1190977932
2025-01-03 18:35:34;SampleClass2;TRACE;verbose detail for id 1191757349
2025-01-03 18:35:34;SampleClass5;TRACE;verbose detail for id 1556751471
2025-01-03 18:35:34;SampleClass0;INFO;everything normal for id 2044892337
2025-01-03 18:35:34;SampleClass1;DEBUG;detail for id 2130293335
2025-01-03 18:35:34;SampleClass9;TRACE;verbose detail for id 2063826525
2025-01-03 18:35:34;SampleClass4;TRACE;verbose detail for id 988304329
2025-01-03 18:35:34;SampleClass7;DEBUG;detail for id 372587635
2025-01-03 18:35:34;SampleClass8;TRACE;verbose detail for id 757509658
2025-01-03 18:35:34;SampleClass6;TRACE;verbose detail for id 1189164169
2025-01-03 18:35:34;SampleClass4;DEBUG;detail for id 1620699449
2025-01-03 18:35:34;SampleClass5;TRACE;verbose detail for id 1406148614
2025-01-03 18:35:34;SampleClass2;TRACE;verbose detail for id 907685529
2025-01-03 18:35:34;SampleClass7;DEBUG;detail for id 1740490143
2025-01-03 18:35:34;SampleClass1;TRACE;verbose detail for id 701889573
2025-01-03 18:35:34;SampleClass2;TRACE;verbose detail for id 7396032
2025-01-03 18:35:34;SampleClass5;DEBUG;detail for id 791840660
2025-01-03 18:35:34;SampleClass8;INFO;everything normal for id 1857885262
2025-01-03 18:35:34;SampleClass4;TRACE;verbose detail for id 764182614
2025-01-03 18:35:34;SampleClass0;DEBUG;detail for id 1768055227
2025-01-03 18:40:36;SampleClass7;TRACE;verbose detail for id 542803217
2025-01-03 18:40:36;SampleClass5;TRACE;verbose detail for id 1314166755
2025-01-03 18:40:36;SampleClass4;DEBUG;detail for id 1098585196
2025-01-03 18:40:36;SampleClass8;TRACE;verbose detail for id 991407675
2025-01-03 18:40:36;SampleClass9;WARN;missing id 715082426
2025-01-03 18:40:36;SampleClass5;TRACE;verbose detail for id 480000858
2025-01-03 18:40:36;SampleClass7;DEBUG;detail for id 258924934
2025-01-03 18:40:36;SampleClass4;TRACE;verbose detail for id 571440523
2025-01-03 18:40:36;SampleClass2;TRACE;verbose detail for id 293194156
2025-01-03 18:40:36;SampleClass4;DEBUG;detail for id 254080448
2025-01-03 18:40:36;SampleClass7;TRACE;verbose detail for id 542735694
2025-01-03 18:40:36;SampleClass8;INFO;everything normal for id 2028656087
2025-01-03 18:40:36;SampleClass8;TRACE;verbose detail for id 513536436
2025-01-03 18:40:36;SampleClass5;DEBUG;detail for id 1375144057
2025-01-03 18:40:36;SampleClass2;TRACE;verbose detail for id 1751687909
2025-01-03 18:40:36;SampleClass2;TRACE;verbose detail for id 229390750
2025-01-03 18:40:36;SampleClass2;DEBUG;detail for id 1263435152
2025-01-04 18:40:36;SampleClass1;TRACE;verbose detail for id 971546034
2025-01-04 18:40:36;SampleClass0;TRACE;verbose detail for id 1489081348
2025-01-04 18:40:36;SampleClass0;DEBUG;detail for id 1974977594
2025-01-04 18:40:36;SampleClass4;TRACE;verbose detail for id 894915373
2025-01-04 18:40:36;SampleClass3;DEBUG;detail for id 675052260
2025-01-04 18:40:36;SampleClass5;TRACE;verbose detail for id 496367434
2025-01-04 18:40:36;SampleClass5;TRACE;verbose detail for id 1729173297
2025-01-04 18:40:36;SampleClass9;DEBUG;detail for id 599346363
2025-01-04 18:40:36;SampleClass5;TRACE;verbose detail for id 1289642214
2025-01-04 18:40:36;SampleClass9;INFO;everything normal for id 852931937
2025-01-04 18:40:36;SampleClass1;TRACE;verbose detail for id 1206510216
2025-01-04 18:40:36;SampleClass1;DEBUG;detail for id 1324514084
2025-01-04 18:40:36;SampleClass5;TRACE;verbose detail for id 2087067981
2025-01-04 18:40:36;SampleClass3;TRACE;verbose detail for id 191203222
2025-01-04 18:40:36;SampleClass3;DEBUG;detail for id 2135742055
2025-01-04 18:40:36;SampleClass0;TRACE;verbose detail for id 326885491
2025-01-04 18:40:36;SampleClass0;TRACE;verbose detail for id 1252455486
2025-01-04 18:40:36;SampleClass5;DEBUG;detail for id 2140113578
2025-01-04 18:40:36;SampleClass3;TRACE;verbose detail for id 585470183
2025-01-04 18:40:36;SampleClass7;TRACE;verbose detail for id 1746719057
2025-01-04 18:40:36;SampleClass9;DEBUG;detail for id 1261559809
2025-01-04 18:40:36;SampleClass0;TRACE;verbose detail for id 42549042
2025-01-04 18:40:36;SampleClass0;INFO;everything normal for id 49647072
2025-01-04 18:40:36;SampleClass9;DEBUG;detail for id 1899039576
2025-01-04 18:40:36;SampleClass3;TRACE;verbose detail for id 540858853
2025-01-04 18:40:36;SampleClass7;TRACE;verbose detail for id 560777404
2025-01-04 18:40:36;SampleClass5;DEBUG;detail for id 285048743
2025-01-04 18:40:36;SampleClass3;TRACE;verbose detail for id 256774312
2025-01-04 18:40:36;SampleClass2;TRACE;verbose detail for id 353289318
2025-01-04 18:40:36;SampleClass9;DEBUG;detail for id 1070329362
2025-01-04 18:40:36;SampleClass7;TRACE;verbose detail for id 427454552
2025-01-04 18:40:36;SampleClass0;TRACE;verbose detail for id 1720312947
2025-01-04 18:40:36;SampleClass8;DEBUG;detail for id 1990881037
2025-01-04 18:40:36;SampleClass2;TRACE;verbose detail for id 471359701
2025-01-04 18:40:36;SampleClass6;TRACE;verbose detail for id 57035075
2025-01-04 18:40:36;SampleClass3;DEBUG;detail for id 771208754
2025-01-04 18:40:36;SampleClass6;INFO;everything normal for id 1243429480
2025-01-04 18:40:36;SampleClass5;TRACE;verbose detail for id 1452635388
2025-01-04 18:40:36;SampleClass9;TRACE;verbose detail for id 540871132
2025-01-04 18:40:36;SampleClass7;DEBUG;detail for id 1293987780
2025-01-04 18:40:36;SampleClass7;TRACE;verbose detail for id 2018625629
2025-01-04 18:40:36;SampleClass1;TRACE;verbose detail for id 1776925194
2025-01-04 18:40:36;SampleClass8;DEBUG;detail for id 243834522
2025-01-04 18:40:36;SampleClass1;TRACE;verbose detail for id 929833675
2025-01-04 18:40:36;SampleClass5;DEBUG;detail for id 2017152221
2025-01-04 18:40:36;SampleClass0;TRACE;verbose detail for id 553313635
2025-01-04 18:40:36;SampleClass7;TRACE;verbose detail for id 313704535
2025-01-04 18:40:36;SampleClass0;DEBUG;detail for id 106307824
2025-01-04 18:40:36;SampleClass5;TRACE;verbose detail for id 490132418
2025-01-04 18:40:36;SampleClass8;TRACE;verbose detail for id 980014356
2025-01-05 18:40:36;SampleClass9;INFO;everything normal for id 1930699662
2025-01-05 18:40:36;SampleClass4;DEBUG;detail for id 1457901133
2025-01-05 18:40:36;SampleClass0;TRACE;verbose detail for id 85606029
2025-01-05 18:40:36;SampleClass5;TRACE;verbose detail for id 271114752
2025-01-05 18:40:36;SampleClass8;DEBUG;detail for id 984811715
2025-01-05 18:40:36;SampleClass7;TRACE;verbose detail for id 240224698
2025-01-05 18:40:36;SampleClass1;TRACE;verbose detail for id 2020997102
2025-01-05 18:40:36;SampleClass2;DEBUG;detail for id 1846053809
2025-01-05 18:40:36;SampleClass4;TRACE;verbose detail for id 715228923
2025-01-05 18:40:36;SampleClass0;TRACE;verbose detail for id 384193257
2025-01-05 18:40:36;SampleClass1;DEBUG;detail for id 189044119
2025-01-05 18:40:36;SampleClass8;TRACE;verbose detail for id 1223748394
2025-01-05 18:40:36;SampleClass8;TRACE;verbose detail for id 238186480
2025-01-05 18:40:36;SampleClass3;DEBUG;detail for id 107987823
2025-01-05 18:40:36;SampleClass2;INFO;everything normal for id 1653545125
2025-01-05 18:40:36;SampleClass6;TRACE;verbose detail for id 1825513198
2025-01-05 18:40:36;SampleClass8;TRACE;verbose detail for id 1576776374
2025-01-05 18:40:36;SampleClass0;DEBUG;detail for id 428451282
2025-01-05 18:40:36;SampleClass0;TRACE;verbose detail for id 1564569859
2025-01-05 18:40:36;SampleClass8;DEBUG;detail for id 773913359
2025-01-05 18:40:36;SampleClass9;TRACE;verbose detail for id 1952441635
2025-01-05 18:40:36;SampleClass2;TRACE;verbose detail for id 462055015
2025-01-05 18:40:36;SampleClass3;DEBUG;detail for id 1079865003
2025-01-05 18:40:36;SampleClass1;TRACE;verbose detail for id 1912403519
2025-01-05 18:40:36;SampleClass7;TRACE;verbose detail for id 345240285
2025-01-05 18:40:36;SampleClass9;DEBUG;detail for id 1539479457
2025-01-05 18:40:36;SampleClass8;TRACE;verbose detail for id 1812964693
2025-01-05 18:40:36;SampleClass1;TRACE;verbose detail for id 175627720
2025-01-05 18:40:36;SampleClass4;DEBUG;detail for id 700750721
2025-01-05 18:40:36;SampleClass5;INFO;everything normal for id 944244387
2025-01-05 18:40:36;SampleClass5;TRACE;verbose detail for id 2045399343
2025-01-05 18:40:36;SampleClass2;TRACE;verbose detail for id 1941397886
2025-01-05 18:40:36;SampleClass7;DEBUG;detail for id 1238230556
2025-01-05 18:40:36;SampleClass8;TRACE;verbose detail for id 59985994
2025-01-05 18:40:36;SampleClass1;TRACE;verbose detail for id 292791224
2025-01-05 18:40:36;SampleClass6;DEBUG;detail for id 1399555576
2025-01-05 18:40:36;SampleClass8;TRACE;verbose detail for id 1279155628
2025-01-05 18:40:36;SampleClass6;TRACE;verbose detail for id 331381484
2025-01-05 18:40:36;SampleClass2;DEBUG;detail for id 1103582564
2025-01-05 18:40:36;SampleClass7;TRACE;verbose detail for id 1514586728
2025-01-05 18:40:36;SampleClass1;TRACE;verbose detail for id 836330812
2025-01-05 18:40:36;SampleClass6;DEBUG;detail for id 1137584902
2025-01-05 18:40:36;SampleClass8;TRACE;verbose detail for id 568075244
2025-01-05 18:40:36;SampleClass7;INFO;everything normal for id 1080791231
2025-01-05 18:40:36;SampleClass1;TRACE;verbose detail for id 1757707349
2025-01-05 18:40:36;SampleClass5;DEBUG;detail for id 1117387214
2025-01-05 18:40:36;SampleClass6;TRACE;verbose detail for id 884368
2025-01-05 18:40:36;SampleClass9;DEBUG;detail for id 1160300063
2025-01-05 18:40:36;SampleClass7;TRACE;verbose detail for id 1074277269
2025-01-05 18:40:36;SampleClass5;TRACE;verbose detail for id 1102341478
2025-01-06 18:40:36;SampleClass1;DEBUG;detail for id 1315921163
2025-01-06 18:40:36;SampleClass6;TRACE;verbose detail for id 1585561727
2025-01-06 18:40:36;SampleClass0;TRACE;verbose detail for id 452211708
2025-01-06 18:40:36;SampleClass2;DEBUG;detail for id 730127148
2025-01-06 18:40:36;SampleClass7;TRACE;verbose detail for id 1150515287
2025-01-06 18:40:36;SampleClass3;TRACE;verbose detail for id 1519538521
2025-01-06 18:40:36;SampleClass1;DEBUG;detail for id 84453466
2025-01-06 18:40:36;SampleClass1;TRACE;verbose detail for id 623474608
2025-01-06 18:40:36;SampleClass6;INFO;everything normal for id 1845584660
2025-01-06 18:40:36;SampleClass2;TRACE;verbose detail for id 1855034181
2025-01-06 18:40:36;SampleClass7;DEBUG;detail for id 904484462
2025-01-06 18:40:36;SampleClass1;TRACE;verbose detail for id 1949813261
2025-01-06 18:40:36;SampleClass8;DEBUG;detail for id 1866532839
2025-01-06 18:40:36;SampleClass0;TRACE;verbose detail for id 1491686292
2025-01-06 18:40:36;SampleClass6;TRACE;verbose detail for id 1260796170
2025-01-06 18:55:54;SampleClass4;DEBUG;detail for id 8597829
2025-01-06 18:55:54;SampleClass1;ERROR;incorrect id  1159281532
2025-01-06 18:55:54;SampleClass5;TRACE;verbose detail for id 582636405
2025-01-06 18:55:54;SampleClass1;TRACE;verbose detail for id 921290882
2025-01-06 18:55:54;SampleClass0;WARN;missing id 2060960425
2025-01-06 18:55:54;SampleClass6;DEBUG;detail for id 448105135
2025-01-06 18:55:54;SampleClass8;TRACE;verbose detail for id 184424625
2025-01-06 18:55:54;SampleClass0;TRACE;verbose detail for id 678640973
2025-01-06 18:55:54;SampleClass4;DEBUG;detail for id 1626053843
2025-01-06 18:55:54;SampleClass1;INFO;everything normal for id 560707667
2025-01-06 18:55:54;SampleClass3;TRACE;verbose detail for id 430808281
2025-01-06 18:55:54;SampleClass3;TRACE;verbose detail for id 2132853461
2025-01-06 18:55:54;SampleClass5;DEBUG;detail for id 906260911
2025-01-06 18:55:54;SampleClass3;TRACE;verbose detail for id 826917306
2025-01-06 18:55:54;SampleClass9;TRACE;verbose detail for id 1287504819
2025-01-06 18:55:54;SampleClass6;DEBUG;detail for id 954808823
2025-01-06 18:55:54;SampleClass4;TRACE;verbose detail for id 1363319084
2025-01-06 18:55:54;SampleClass8;TRACE;verbose detail for id 194837567
2025-01-06 18:55:54;SampleClass5;DEBUG;detail for id 1500280612
2025-01-06 18:55:54;SampleClass4;TRACE;verbose detail for id 2054521808
2025-01-06 18:55:54;SampleClass0;TRACE;verbose detail for id 1207456941
2025-01-06 18:55:54;SampleClass3;DEBUG;detail for id 1428677920
2025-01-06 18:55:54;SampleClass1;TRACE;verbose detail for id 592938104
2025-01-06 18:55:54;SampleClass1;INFO;everything normal for id 589810760
2025-01-06 18:55:54;SampleClass4;DEBUG;detail for id 1936185534
2025-01-06 18:55:54;SampleClass8;TRACE;verbose detail for id 587546988
2025-01-06 18:55:54;SampleClass2;TRACE;verbose detail for id 37407650
2025-01-06 18:55:54;SampleClass0;DEBUG;detail for id 1122506691
2025-01-06 18:55:54;SampleClass1;TRACE;verbose detail for id 641891216
2025-01-06 18:55:54;SampleClass5;TRACE;verbose detail for id 1340558229
2025-01-06 18:55:54;SampleClass1;DEBUG;detail for id 234717526
2025-01-06 18:55:54;SampleClass3;TRACE;verbose detail for id 193345391
2025-01-06 18:55:54;SampleClass7;TRACE;verbose detail for id 62689928
2025-01-06 18:55:54;SampleClass0;DEBUG;detail for id 1621342183
2025-01-06 18:55:54;SampleClass4;TRACE;verbose detail for id 6496589
2025-01-07 18:55:54;SampleClass4;TRACE;verbose detail for id 1871683315
2025-01-07 18:55:54;SampleClass0;DEBUG;detail for id 561758387
2025-01-07 18:55:54;SampleClass9;INFO;everything normal for id 1556558203
2025-01-07 18:55:54;SampleClass8;TRACE;verbose detail for id 1608356821
2025-01-07 18:55:54;SampleClass4;DEBUG;detail for id 981351386
2025-01-07 18:55:54;SampleClass1;TRACE;verbose detail for id 1697407208
2025-01-07 18:55:54;SampleClass9;TRACE;verbose detail for id 793381015
2025-01-07 18:55:54;SampleClass1;DEBUG;detail for id 2015119687
2025-01-07 18:55:54;SampleClass8;TRACE;verbose detail for id 1784078443
2025-01-07 18:55:54;SampleClass4;TRACE;verbose detail for id 754747732
2025-01-07 18:55:54;SampleClass8;DEBUG;detail for id 1234656216
2025-01-07 18:55:54;SampleClass8;TRACE;verbose detail for id 1886943245
2025-01-07 18:55:54;SampleClass0;TRACE;verbose detail for id 1649348816
2025-01-07 18:55:54;SampleClass9;DEBUG;detail for id 105977351
2025-01-07 18:55:54;SampleClass8;TRACE;verbose detail for id 1938478126
2025-01-07 18:55:54;SampleClass3;INFO;everything normal for id 101696670
2025-01-07 18:55:54;SampleClass3;TRACE;verbose detail for id 1548135120
2025-01-07 18:55:54;SampleClass8;DEBUG;detail for id 967402958
2025-01-07 18:55:54;SampleClass5;TRACE;verbose detail for id 88491521
2025-01-07 18:55:54;SampleClass2;TRACE;verbose detail for id 1075230423
2025-01-07 18:55:54;SampleClass9;DEBUG;detail for id 1200123683
2025-01-07 18:55:54;SampleClass8;TRACE;verbose detail for id 1007362439
2025-01-07 18:55:54;SampleClass4;TRACE;verbose detail for id 1925336722
2025-01-07 18:55:54;SampleClass1;DEBUG;detail for id 926539112
2025-01-07 18:55:54;SampleClass0;TRACE;verbose detail for id 1630710503
2025-01-07 18:55:54;SampleClass3;DEBUG;detail for id 1940620731
2025-01-07 18:55:54;SampleClass4;TRACE;verbose detail for id 1891314860
2025-01-07 18:55:54;SampleClass8;TRACE;verbose detail for id 2114675826
2025-01-07 18:55:54;SampleClass5;DEBUG;detail for id 2028374150
2025-01-07 18:55:54;SampleClass1;INFO;everything normal for id 1810090956
2025-01-07 18:55:54;SampleClass9;TRACE;verbose detail for id 183339513
2025-01-07 18:55:54;SampleClass8;TRACE;verbose detail for id 1500617107
2025-01-07 18:55:54;SampleClass6;DEBUG;detail for id 1062285837
2025-01-07 18:55:54;SampleClass6;TRACE;verbose detail for id 1201156335
2025-01-07 18:55:54;SampleClass4;TRACE;verbose detail for id 1371828413
2025-01-07 18:55:54;SampleClass4;DEBUG;detail for id 1874414321
2025-01-07 18:55:54;SampleClass5;TRACE;verbose detail for id 859283187
2025-01-07 18:55:54;SampleClass9;TRACE;verbose detail for id 2040938811
2025-01-07 18:55:54;SampleClass4;DEBUG;detail for id 946117720
2025-01-07 18:55:54;SampleClass2;TRACE;verbose detail for id 1516836646
2025-01-07 18:55:54;SampleClass0;TRACE;verbose detail for id 1128787132
2025-01-07 18:55:54;SampleClass4;DEBUG;detail for id 1109460584
2025-01-07 18:55:54;SampleClass6;TRACE;verbose detail for id 1170722669
2025-01-07 18:55:54;SampleClass4;INFO;everything normal for id 23642439
2025-01-07 18:55:54;SampleClass0;TRACE;verbose detail for id 1584428283
2025-01-07 18:55:54;SampleClass0;DEBUG;detail for id 989817872
2025-01-07 18:55:54;SampleClass8;TRACE;verbose detail for id 207534758
2025-01-07 18:55:54;SampleClass3;DEBUG;detail for id 17140434
2025-01-07 18:55:54;SampleClass5;TRACE;verbose detail for id 787974413
2025-01-07 18:55:54;SampleClass7;TRACE;verbose detail for id 1825149485
2025-01-08 18:55:54;SampleClass8;DEBUG;detail for id 1028498314
2025-01-08 18:55:54;SampleClass7;TRACE;verbose detail for id 890665632
2025-01-08 18:55:54;SampleClass1;TRACE;verbose detail for id 59240454
2025-01-08 18:55:54;SampleClass4;DEBUG;detail for id 1029178762
2025-01-08 18:55:54;SampleClass2;TRACE;verbose detail for id 1135460272
2025-01-08 18:55:54;SampleClass4;TRACE;verbose detail for id 275589442
2025-01-08 18:55:54;SampleClass8;DEBUG;detail for id 1594903856
2025-01-08 18:55:54;SampleClass0;TRACE;verbose detail for id 1678538890
2025-01-08 18:55:54;SampleClass3;INFO;everything normal for id 19138247
2025-01-08 18:55:54;SampleClass5;TRACE;verbose detail for id 1024643084
2025-01-08 18:55:54;SampleClass3;DEBUG;detail for id 1039818662
2025-01-08 18:55:54;SampleClass2;TRACE;verbose detail for id 1996134194
2025-01-08 18:55:54;SampleClass9;TRACE;verbose detail for id 1947166588
2025-01-08 18:55:54;SampleClass8;DEBUG;detail for id 218851536
2025-01-08 18:55:54;SampleClass1;TRACE;verbose detail for id 1765383670
2025-01-08 18:55:54;SampleClass9;TRACE;verbose detail for id 1666944491
2025-01-08 18:55:54;SampleClass8;DEBUG;detail for id 799914029
2025-01-08 18:55:54;SampleClass7;TRACE;verbose detail for id 1818100329
2025-01-08 18:55:54;SampleClass5;TRACE;verbose detail for id 1207171214
2025-01-08 18:55:54;SampleClass3;DEBUG;detail for id 1948330492
2025-01-08 18:55:54;SampleClass2;TRACE;verbose detail for id 205293058
2025-01-08 18:55:54;SampleClass1;INFO;everything normal for id 1446522366
2025-01-08 18:55:54;SampleClass0;TRACE;verbose detail for id 2052486472
2025-01-08 18:55:54;SampleClass9;DEBUG;detail for id 1783753678
2025-01-08 18:55:54;SampleClass4;TRACE;verbose detail for id 2009420525
2025-01-08 18:55:54;SampleClass5;DEBUG;detail for id 799201022
2025-01-08 18:55:54;SampleClass7;TRACE;verbose detail for id 225419438
2025-01-08 18:55:54;SampleClass8;TRACE;verbose detail for id 901538834
2025-01-08 18:55:54;SampleClass4;DEBUG;detail for id 1204053442
2025-01-08 18:55:54;SampleClass1;TRACE;verbose detail for id 1852844029
2025-01-08 18:55:54;SampleClass3;TRACE;verbose detail for id 1439643475
2025-01-08 18:55:54;SampleClass4;DEBUG;detail for id 1135523440
2025-01-08 18:55:54;SampleClass4;TRACE;verbose detail for id 663968985
2025-01-08 18:55:54;SampleClass8;TRACE;verbose detail for id 181134860
2025-01-08 18:55:54;SampleClass1;DEBUG;detail for id 991938571
2025-01-08 18:55:54;SampleClass0;TRACE;verbose detail for id 12629891
2025-01-08 18:55:54;SampleClass8;INFO;everything normal for id 1631887504
2025-01-08 18:55:54;SampleClass9;TRACE;verbose detail for id 1858052823
2025-01-08 18:55:54;SampleClass6;DEBUG;detail for id 1335222216
2025-01-08 18:55:54;SampleClass8;TRACE;verbose detail for id 1996782251
2025-01-08 18:55:54;SampleClass5;TRACE;verbose detail for id 186529499
2025-01-08 18:55:54;SampleClass2;DEBUG;detail for id 570051370
2025-01-08 18:55:54;SampleClass0;TRACE;verbose detail for id 1211360834
2025-01-08 18:55:54;SampleClass2;DEBUG;detail for id 65309910
2025-01-08 18:55:54;SampleClass8;TRACE;verbose detail for id 1481734365
2025-01-08 18:55:54;SampleClass3;TRACE;verbose detail for id 725162102
2025-01-08 18:55:54;SampleClass4;DEBUG;detail for id 497916631
2025-01-08 18:55:54;SampleClass2;TRACE;verbose detail for id 147102136
2025-01-08 19:11:02;SampleClass1;TRACE;verbose detail for id 917636316
2025-01-08 19:11:02;SampleClass8;INFO;everything normal for id 1028391171
2025-01-09 19:11:02;SampleClass2;DEBUG;detail for id 1316808512
2025-01-09 19:11:02;SampleClass4;TRACE;verbose detail for id 1490179386
2025-01-09 19:11:02;SampleClass8;TRACE;verbose detail for id 656914189
2025-01-09 19:11:02;SampleClass8;WARN;problem finding id 153454612 at com.osa.mocklogger.MockLogger$2.run(MockLogger.java:83)
2025-01-09 19:11:02;SampleClass3;TRACE;verbose detail for id 808347545
2025-01-09 19:11:02;SampleClass3;DEBUG;detail for id 1743263073
2025-01-09 19:11:02;SampleClass3;TRACE;verbose detail for id 456059562
2025-01-09 19:11:02;SampleClass0;DEBUG;detail for id 1359045794
2025-01-09 19:11:02;SampleClass5;TRACE;verbose detail for id 1098309767
2025-01-09 19:11:02;SampleClass7;TRACE;verbose detail for id 2056879313
2025-01-09 19:11:02;SampleClass6;DEBUG;detail for id 668008553
2025-01-09 19:11:02;SampleClass2;TRACE;verbose detail for id 1840700390
2025-01-09 19:11:02;SampleClass1;TRACE;verbose detail for id 290519717
2025-01-09 19:11:02;SampleClass7;INFO;everything normal for id 1290633616
2025-01-09 19:11:02;SampleClass9;DEBUG;detail for id 874259321
2025-01-09 19:11:02;SampleClass1;TRACE;verbose detail for id 155214011
2025-01-09 19:11:02;SampleClass6;TRACE;verbose detail for id 1475129886
2025-01-09 19:11:02;SampleClass7;DEBUG;detail for id 713901396
2025-01-09 19:11:02;SampleClass0;TRACE;verbose detail for id 833673153
2025-01-09 19:11:02;SampleClass8;TRACE;verbose detail for id 274520535
2025-01-09 19:11:02;SampleClass0;DEBUG;detail for id 1126198166
2025-01-09 19:11:02;SampleClass8;TRACE;verbose detail for id 2000383427
2025-01-09 19:11:02;SampleClass0;DEBUG;detail for id 2045661306
2025-01-09 19:11:02;SampleClass7;TRACE;verbose detail for id 1373951232
2025-01-09 19:11:02;SampleClass0;TRACE;verbose detail for id 560979791
2025-01-09 19:11:02;SampleClass9;DEBUG;detail for id 2125248068
2025-01-09 19:11:02;SampleClass3;TRACE;verbose detail for id 1542138694
2025-01-09 19:11:02;SampleClass8;INFO;everything normal for id 1694688693
2025-01-09 19:11:02;SampleClass2;TRACE;verbose detail for id 1853062797
2025-01-09 19:11:02;SampleClass2;DEBUG;detail for id 780761132
2025-01-09 19:11:02;SampleClass6;TRACE;verbose detail for id 1881858075
2025-01-09 19:11:02;SampleClass8;TRACE;verbose detail for id 1852213084
2025-01-09 19:11:02;SampleClass6;DEBUG;detail for id 1106360257
2025-01-09 19:11:02;SampleClass0;TRACE;verbose detail for id 1924667041
2025-01-09 19:11:02;SampleClass1;TRACE;verbose detail for id 971856101
2025-01-09 19:11:02;SampleClass4;DEBUG;detail for id 1008718931
2025-01-09 19:11:02;SampleClass1;TRACE;verbose detail for id 994147282
2025-01-09 19:11:02;SampleClass6;TRACE;verbose detail for id 2094273632
2025-01-09 19:11:02;SampleClass7;DEBUG;detail for id 306599924
2025-01-09 19:11:02;SampleClass3;TRACE;verbose detail for id 618171600
2025-01-09 19:11:02;SampleClass4;INFO;everything normal for id 631426972
2025-01-09 19:11:02;SampleClass0;TRACE;verbose detail for id 47333194
2025-01-09 19:11:02;SampleClass6;DEBUG;detail for id 1654037273
2025-01-09 19:11:02;SampleClass1;TRACE;verbose detail for id 537356654
2025-01-09 19:11:02;SampleClass0;TRACE;verbose detail for id 801485098
2025-01-09 19:11:02;SampleClass7;DEBUG;detail for id 203628466
2025-01-09 19:11:02;SampleClass6;TRACE;verbose detail for id 354640838
2025-01-09 19:11:02;SampleClass2;DEBUG;detail for id 1994002455
2025-01-09 19:11:02;SampleClass5;TRACE;verbose detail for id 966923279
2025-01-09 19:11:02;SampleClass5;TRACE;verbose detail for id 60648264
2025-01-10 19:11:02;SampleClass4;DEBUG;detail for id 1774910674
2025-01-10 19:11:02;SampleClass8;TRACE;verbose detail for id 674835567
2025-01-10 19:11:02;SampleClass6;TRACE;verbose detail for id 1146774776
2025-01-10 19:11:02;SampleClass7;INFO;everything normal for id 937493947
2025-01-10 19:11:02;SampleClass4;DEBUG;detail for id 1222007788
2025-01-10 19:11:02;SampleClass4;TRACE;verbose detail for id 317206677
2025-01-10 19:11:02;SampleClass4;TRACE;verbose detail for id 494613561
2025-01-10 19:11:02;SampleClass8;DEBUG;detail for id 2129281342
2025-01-10 19:11:02;SampleClass0;TRACE;verbose detail for id 498548184
2025-01-10 19:11:02;SampleClass4;TRACE;verbose detail for id 1687952236
2025-01-10 19:11:02;SampleClass8;DEBUG;detail for id 1804324351
2025-01-10 19:11:02;SampleClass6;TRACE;verbose detail for id 1595271189
2025-01-10 19:11:02;SampleClass0;TRACE;verbose detail for id 698394095
2025-01-10 19:11:02;SampleClass2;DEBUG;detail for id 154686229
2025-01-10 19:11:02;SampleClass9;TRACE;verbose detail for id 1117305660
2025-01-10 19:11:02;SampleClass8;DEBUG;detail for id 2146816610
2025-01-10 19:11:02;SampleClass2;TRACE;verbose detail for id 1433606581
2025-01-10 19:11:02;SampleClass2;INFO;everything normal for id 1851073336
2025-01-10 19:11:02;SampleClass2;TRACE;verbose detail for id 1346626727
2025-01-10 19:11:02;SampleClass1;DEBUG;detail for id 2060185735
2025-01-10 19:11:02;SampleClass5;TRACE;verbose detail for id 734993463
2025-01-10 19:11:02;SampleClass2;TRACE;verbose detail for id 1709830246
2025-01-10 19:11:02;SampleClass7;DEBUG;detail for id 1370344778
2025-01-10 19:11:02;SampleClass0;TRACE;verbose detail for id 1320684888
2025-01-10 19:11:02;SampleClass4;TRACE;verbose detail for id 1850895817
2025-01-10 19:11:02;SampleClass2;DEBUG;detail for id 1478573600
2025-01-10 19:11:02;SampleClass1;TRACE;verbose detail for id 594588915
2025-01-10 19:11:02;SampleClass9;TRACE;verbose detail for id 1181131448
2025-01-10 19:11:02;SampleClass2;DEBUG;detail for id 1041118057
2025-01-10 19:11:02;SampleClass5;TRACE;verbose detail for id 836293214
2025-01-10 19:11:02;SampleClass9;TRACE;verbose detail for id 529739898
2025-01-10 19:11:02;SampleClass3;DEBUG;detail for id 1743124492
2025-01-10 19:11:02;SampleClass9;INFO;everything normal for id 2093288143
2025-01-10 19:11:02;SampleClass0;TRACE;verbose detail for id 1573132589
2025-01-10 19:11:02;SampleClass5;TRACE;verbose detail for id 177465153
2025-01-10 19:11:02;SampleClass6;DEBUG;detail for id 1913179397
2025-01-10 19:11:02;SampleClass4;TRACE;verbose detail for id 1012482511
2025-01-10 19:11:02;SampleClass2;TRACE;verbose detail for id 525357513
2025-01-10 19:11:02;SampleClass9;DEBUG;detail for id 1127136385
2025-01-10 19:11:02;SampleClass9;TRACE;verbose detail for id 799845610
2025-01-10 19:11:02;SampleClass6;TRACE;verbose detail for id 501075278
2025-01-10 19:11:02;SampleClass8;DEBUG;detail for id 2050584869
2025-01-10 19:11:02;SampleClass4;TRACE;verbose detail for id 1875194813
2025-01-10 19:11:02;SampleClass4;TRACE;verbose detail for id 1481505321
2025-01-10 19:11:02;SampleClass3;DEBUG;detail for id 1458595718
2025-01-10 19:11:02;SampleClass2;INFO;everything normal for id 1655898768
2025-01-10 19:11:02;SampleClass3;TRACE;verbose detail for id 1715686983
2025-01-10 19:11:02;SampleClass4;DEBUG;detail for id 1618208003
2025-01-10 19:11:02;SampleClass8;TRACE;verbose detail for id 1157996524
2025-01-10 19:11:02;SampleClass9;TRACE;verbose detail for id 1651758454
2025-01-11 19:11:02;SampleClass5;DEBUG;detail for id 1537021927
2025-01-11 19:11:02;SampleClass3;TRACE;verbose detail for id 1688009737
2025-01-11 19:11:02;SampleClass7;TRACE;verbose detail for id 1304686860
2025-01-11 19:11:02;SampleClass6;DEBUG;detail for id 139566666
2025-01-11 19:11:02;SampleClass4;TRACE;verbose detail for id 1845804981
2025-01-11 19:11:02;SampleClass4;TRACE;verbose detail for id 1525657552
2025-01-11 19:11:02;SampleClass6;DEBUG;detail for id 2126029367
2025-01-11 19:11:02;SampleClass6;TRACE;verbose detail for id 891560280
2025-01-11 19:11:02;SampleClass7;TRACE;verbose detail for id 2080338799
2025-01-11 19:11:02;SampleClass2;DEBUG;detail for id 443571573
2025-01-11 19:11:02;SampleClass6;INFO;everything normal for id 1861324968
2025-01-11 19:11:02;SampleClass2;TRACE;verbose detail for id 49899205
2025-01-11 19:11:02;SampleClass5;TRACE;verbose detail for id 107034709
2025-01-11 19:11:02;SampleClass0;DEBUG;detail for id 1501753473
2025-01-11 19:11:02;SampleClass4;TRACE;verbose detail for id 928469413
2025-01-11 19:11:02;SampleClass0;DEBUG;detail for id 1701806261
2025-01-11 19:11:02;SampleClass1;TRACE;verbose detail for id 2089127814
2025-01-11 19:11:02;SampleClass5;TRACE;verbose detail for id 2101105551
2025-01-11 19:11:02;SampleClass6;DEBUG;detail for id 417289855
2025-01-11 19:11:02;SampleClass5;TRACE;verbose detail for id 708198991
2025-01-11 19:11:02;SampleClass1;TRACE;verbose detail for id 1991304703
2025-01-11 19:11:02;SampleClass6;DEBUG;detail for id 1789657252
2025-01-11 19:11:02;SampleClass7;TRACE;verbose detail for id 1441119354
2025-01-11 19:11:02;SampleClass5;INFO;everything normal for id 1541013080
2025-01-11 19:11:02;SampleClass9;TRACE;verbose detail for id 256806091
2025-01-11 19:11:02;SampleClass5;DEBUG;detail for id 939679345
2025-01-11 19:11:02;SampleClass9;TRACE;verbose detail for id 448465220
2025-01-11 19:11:02;SampleClass4;TRACE;verbose detail for id 1363441930
2025-01-11 19:25:27;SampleClass4;ERROR;incorrect id  922985906
2025-01-11 19:25:27;SampleClass5;DEBUG;detail for id 1318719373
2025-01-11 19:25:27;SampleClass4;TRACE;verbose detail for id 633951022
2025-01-11 19:25:27;SampleClass8;TRACE;verbose detail for id 1236853299
2025-01-11 19:25:27;SampleClass6;DEBUG;detail for id 767926526
2025-01-11 19:25:27;SampleClass6;TRACE;verbose detail for id 757931386
2025-01-11 19:25:27;SampleClass2;TRACE;verbose detail for id 1969652299
2025-01-11 19:25:27;SampleClass5;WARN;problem finding id 1561591085 at com.osa.mocklogger.MockLogger$2.run(MockLogger.java:83)
2025-01-11 19:25:27;SampleClass4;DEBUG;detail for id 1370714809
2025-01-11 19:25:27;SampleClass3;TRACE;verbose detail for id 146764301
2025-01-11 19:25:27;SampleClass9;TRACE;verbose detail for id 396224371
2025-01-11 19:25:27;SampleClass3;DEBUG;detail for id 420668719
2025-01-11 19:25:27;SampleClass5;INFO;everything normal for id 2057399975
2025-01-11 19:25:27;SampleClass8;TRACE;verbose detail for id 1315447868
2025-01-11 19:25:27;SampleClass4;DEBUG;detail for id 1258992601
2025-01-11 19:25:27;SampleClass9;TRACE;verbose detail for id 726742378
2025-01-11 19:25:27;SampleClass9;TRACE;verbose detail for id 1491758424
2025-01-11 19:25:27;SampleClass4;DEBUG;detail for id 296793580
2025-01-11 19:25:27;SampleClass4;TRACE;verbose detail for id 233281184
2025-01-11 19:25:27;SampleClass0;TRACE;verbose detail for id 1057827940
2025-01-11 19:25:27;SampleClass4;DEBUG;detail for id 1861802481
2025-01-11 19:25:27;SampleClass6;TRACE;verbose detail for id 2121110952
2025-01-12 19:25:27;SampleClass4;TRACE;verbose detail for id 873715655
2025-01-12 19:25:27;SampleClass2;DEBUG;detail for id 1856802606
2025-01-12 19:25:27;SampleClass3;TRACE;verbose detail for id 1285997868
2025-01-12 19:25:27;SampleClass8;TRACE;verbose detail for id 1480605430
2025-01-12 19:25:27;SampleClass1;INFO;everything normal for id 1511211103
2025-01-12 19:25:27;SampleClass2;DEBUG;detail for id 1892430845
2025-01-12 19:25:27;SampleClass3;TRACE;verbose detail for id 1628779048
2025-01-12 19:25:27;SampleClass7;TRACE;verbose detail for id 389169432
2025-01-12 19:25:27;SampleClass9;DEBUG;detail for id 1808223779
2025-01-12 19:25:27;SampleClass9;TRACE;verbose detail for id 1557499889
2025-01-12 19:25:27;SampleClass1;TRACE;verbose detail for id 580837801
2025-01-12 19:25:27;SampleClass4;DEBUG;detail for id 1322795299
2025-01-12 19:25:27;SampleClass4;TRACE;verbose detail for id 1586835058
2025-01-12 19:25:27;SampleClass9;DEBUG;detail for id 1491559991
2025-01-12 19:25:27;SampleClass3;TRACE;verbose detail for id 1112582942
2025-01-12 19:25:27;SampleClass7;TRACE;verbose detail for id 785934742
2025-01-12 19:25:27;SampleClass3;DEBUG;detail for id 1091856699
2025-01-12 19:25:27;SampleClass2;TRACE;verbose detail for id 32189722
2025-01-12 19:25:27;SampleClass8;INFO;everything normal for id 2060457604
2025-01-12 19:25:27;SampleClass8;TRACE;verbose detail for id 1568184581
2025-01-12 19:25:27;SampleClass4;DEBUG;detail for id 997939180
2025-01-12 19:25:27;SampleClass5;TRACE;verbose detail for id 591603345
2025-01-12 19:25:27;SampleClass7;TRACE;verbose detail for id 1389529592
2025-01-12 19:25:27;SampleClass8;DEBUG;detail for id 1600893525
2025-01-12 19:25:27;SampleClass8;TRACE;verbose detail for id 193243589
2025-01-12 19:25:27;SampleClass7;TRACE;verbose detail for id 1416071188
2025-01-12 19:25:27;SampleClass2;DEBUG;detail for id 892591815
2025-01-12 19:25:27;SampleClass8;TRACE;verbose detail for id 693594145
2025-01-12 19:25:27;SampleClass8;TRACE;verbose detail for id 933014831
2025-01-12 19:25:27;SampleClass9;DEBUG;detail for id 1932025402
2025-01-12 19:25:27;SampleClass1;TRACE;verbose detail for id 768784379
2025-01-12 19:25:27;SampleClass1;TRACE;verbose detail for id 139052235
2025-01-12 19:25:27;SampleClass3;INFO;everything normal for id 216737165
2025-01-12 19:25:27;SampleClass2;DEBUG;detail for id 1189262592
2025-01-12 19:25:27;SampleClass5;TRACE;verbose detail for id 1871759739
2025-01-12 19:25:27;SampleClass5;TRACE;verbose detail for id 480157673
2025-01-12 19:25:27;SampleClass0;DEBUG;detail for id 1516116879
2025-01-12 19:25:27;SampleClass6;TRACE;verbose detail for id 2116562018
2025-01-12 19:25:27;SampleClass5;TRACE;verbose detail for id 581660342
2025-01-12 19:25:27;SampleClass2;DEBUG;detail for id 1867574596
2025-01-12 19:25:27;SampleClass3;TRACE;verbose detail for id 1545485722
2025-01-12 19:25:27;SampleClass3;DEBUG;detail for id 684790642
2025-01-12 19:25:27;SampleClass4;TRACE;verbose detail for id 901472278
2025-01-12 19:25:27;SampleClass5;TRACE;verbose detail for id 824445383
2025-01-12 19:25:27;SampleClass8;DEBUG;detail for id 939843491
2025-01-12 19:25:27;SampleClass7;TRACE;verbose detail for id 1931493049
2025-01-12 19:25:27;SampleClass2;INFO;everything normal for id 863284789
2025-01-12 19:25:27;SampleClass6;TRACE;verbose detail for id 919664440
2025-01-12 19:25:27;SampleClass5;DEBUG;detail for id 337795906
2025-01-12 19:25:27;SampleClass1;TRACE;verbose detail for id 469449145
2025-01-13 19:25:27;SampleClass7;TRACE;verbose detail for id 2078283473
2025-01-13 19:25:27;SampleClass0;DEBUG;detail for id 1382959674
2025-01-13 19:25:27;SampleClass2;TRACE;verbose detail for id 1806939646
2025-01-13 19:25:27;SampleClass4;TRACE;verbose detail for id 316737180
2025-01-13 19:25:27;SampleClass7;DEBUG;detail for id 1027963009
2025-01-13 19:25:27;SampleClass8;TRACE;verbose detail for id 2085324299
2025-01-13 19:25:27;SampleClass1;TRACE;verbose detail for id 2002007384
2025-01-13 19:25:27;SampleClass8;DEBUG;detail for id 216151861
2025-01-13 19:25:27;SampleClass1;TRACE;verbose detail for id 783326687
2025-01-13 19:25:27;SampleClass0;INFO;everything normal for id 2081991834
2025-01-13 19:25:27;SampleClass1;TRACE;verbose detail for id 1905148152
2025-01-13 19:25:27;SampleClass0;DEBUG;detail for id 1775454969
2025-01-13 19:25:27;SampleClass6;TRACE;verbose detail for id 1379784471
2025-01-13 19:25:27;SampleClass0;DEBUG;detail for id 2039454451
2025-01-13 19:25:27;SampleClass6;TRACE;verbose detail for id 1898509826
2025-01-13 19:25:27;SampleClass2;TRACE;verbose detail for id 559957338
2025-01-13 19:25:27;SampleClass5;DEBUG;detail for id 1189701944
2025-01-13 19:25:27;SampleClass4;TRACE;verbose detail for id 292907341
2025-01-13 19:25:27;SampleClass6;TRACE;verbose detail for id 962751093
2025-01-13 19:25:27;SampleClass3;DEBUG;detail for id 62786137
2025-01-13 19:25:27;SampleClass4;TRACE;verbose detail for id 714698622
2025-01-13 19:25:27;SampleClass0;TRACE;verbose detail for id 1883143365
2025-01-13 19:25:27;SampleClass6;DEBUG;detail for id 1773094714
2025-01-13 19:25:27;SampleClass7;TRACE;verbose detail for id 597973619
2025-01-13 19:25:27;SampleClass5;TRACE;verbose detail for id 853356662
2025-01-13 19:25:27;SampleClass4;INFO;everything normal for id 513911637
2025-01-13 19:25:27;SampleClass3;DEBUG;detail for id 2055394840
2025-01-13 19:25:27;SampleClass1;TRACE;verbose detail for id 1336393094
2025-01-13 19:25:27;SampleClass8;TRACE;verbose detail for id 1620724816
2025-01-13 19:25:27;SampleClass4;DEBUG;detail for id 153269992
2025-01-13 19:25:27;SampleClass4;TRACE;verbose detail for id 254752
2025-01-13 19:25:27;SampleClass2;TRACE;verbose detail for id 1824086724
2025-01-13 19:25:27;SampleClass5;DEBUG;detail for id 201262126
2025-01-13 19:25:27;SampleClass2;TRACE;verbose detail for id 2130931262
2025-01-13 19:25:27;SampleClass0;TRACE;verbose detail for id 194213213
2025-01-13 19:25:27;SampleClass8;DEBUG;detail for id 1395540265
2025-01-13 19:25:27;SampleClass1;TRACE;verbose detail for id 1489722974
2025-01-13 19:25:27;SampleClass5;TRACE;verbose detail for id 888510810
2025-01-13 19:25:27;SampleClass8;DEBUG;detail for id 610682810
2025-01-13 19:25:27;SampleClass8;TRACE;verbose detail for id 1381387982
2025-01-13 19:25:27;SampleClass1;INFO;everything normal for id 1737673372
2025-01-13 19:25:27;SampleClass5;TRACE;verbose detail for id 675605020
2025-01-13 19:25:27;SampleClass0;DEBUG;detail for id 382076657
2025-01-13 19:25:27;SampleClass5;TRACE;verbose detail for id 1064951289
2025-01-13 19:25:27;SampleClass2;DEBUG;detail for id 1434432309
2025-01-13 19:25:27;SampleClass2;TRACE;verbose detail for id 1246828983
2025-01-13 19:25:27;SampleClass3;TRACE;verbose detail for id 769143055
2025-01-13 19:25:27;SampleClass4;DEBUG;detail for id 1537774604
2025-01-13 19:25:27;SampleClass9;TRACE;verbose detail for id 1383409392
2025-01-13 19:25:27;SampleClass9;TRACE;verbose detail for id 257533577
2025-01-14 19:25:27;SampleClass5;DEBUG;detail for id 998852591
2025-01-14 19:25:27;SampleClass3;TRACE;verbose detail for id 1109731338
2025-01-14 19:25:27;SampleClass8;TRACE;verbose detail for id 1067071336
2025-01-14 19:25:27;SampleClass4;DEBUG;detail for id 1289962631
2025-01-14 19:25:27;SampleClass5;INFO;everything normal for id 1340712557
2025-01-14 19:25:27;SampleClass2;TRACE;verbose detail for id 824653133
2025-01-14 19:25:27;SampleClass7;TRACE;verbose detail for id 74220424
2025-01-14 19:25:27;SampleClass6;DEBUG;detail for id 166257978
2025-01-14 19:25:27;SampleClass9;TRACE;verbose detail for id 515693269
2025-01-14 19:25:27;SampleClass6;TRACE;verbose detail for id 1814249746
2025-01-14 19:25:27;SampleClass6;DEBUG;detail for id 197559030
2025-01-14 19:25:27;SampleClass0;TRACE;verbose detail for id 1419789614
2025-01-14 19:40:18;SampleClass7;TRACE;verbose detail for id 1104742032
2025-01-14 19:40:18;SampleClass0;DEBUG;detail for id 322440789
2025-01-14 19:40:18;SampleClass2;TRACE;verbose detail for id 1012412817
2025-01-14 19:40:18;SampleClass9;TRACE;verbose detail for id 96554682
2025-01-14 19:40:18;SampleClass6;DEBUG;detail for id 462310877
2025-01-14 19:40:18;SampleClass4;TRACE;verbose detail for id 22383702
2025-01-14 19:40:18;SampleClass4;INFO;everything normal for id 1240952849
2025-01-14 19:40:18;SampleClass4;WARN;problem finding id 284365737 at com.osa.mocklogger.MockLogger$2.run(MockLogger.java:83)
2025-01-14 19:40:18;SampleClass7;TRACE;verbose detail for id 1143887438
2025-01-14 19:40:18;SampleClass5;DEBUG;detail for id 885814855
2025-01-14 19:40:18;SampleClass7;TRACE;verbose detail for id 1720029611
2025-01-14 19:40:18;SampleClass9;TRACE;verbose detail for id 1361640909
2025-01-14 19:40:18;SampleClass0;DEBUG;detail for id 1840177026
2025-01-14 19:40:18;SampleClass3;TRACE;verbose detail for id 903116904
2025-01-14 19:40:18;SampleClass1;DEBUG;detail for id 248212052
2025-01-14 19:40:18;SampleClass6;TRACE;verbose detail for id 681516176
2025-01-14 19:40:18;SampleClass8;TRACE;verbose detail for id 1352124979
2025-01-14 19:40:18;SampleClass0;DEBUG;detail for id 1505375347
2025-01-14 19:40:18;SampleClass5;TRACE;verbose detail for id 32828249
2025-01-14 19:40:18;SampleClass4;TRACE;verbose detail for id 1848667093
2025-01-14 19:40:18;SampleClass3;DEBUG;detail for id 877385968
2025-01-14 19:40:18;SampleClass0;TRACE;verbose detail for id 1890627551
2025-01-14 19:40:18;SampleClass7;TRACE;verbose detail for id 1177435061
2025-01-14 19:40:18;SampleClass8;INFO;everything normal for id 1114664594
2025-01-14 19:40:18;SampleClass1;DEBUG;detail for id 1341576574
2025-01-14 19:40:18;SampleClass1;TRACE;verbose detail for id 1713742126
2025-01-14 19:40:18;SampleClass9;TRACE;verbose detail for id 190874453
2025-01-14 19:40:18;SampleClass4;DEBUG;detail for id 99899434
2025-01-14 19:40:18;SampleClass4;TRACE;verbose detail for id 1085709464
2025-01-14 19:40:18;SampleClass7;TRACE;verbose detail for id 1592927631
2025-01-14 19:40:18;SampleClass9;DEBUG;detail for id 1533695172
2025-01-14 19:40:18;SampleClass6;TRACE;verbose detail for id 402208933
2025-01-14 19:40:18;SampleClass0;TRACE;verbose detail for id 360379665
2025-01-14 19:40:18;SampleClass7;DEBUG;detail for id 1813077601
2025-01-14 19:40:18;SampleClass8;TRACE;verbose detail for id 1634406344
2025-01-14 19:40:18;SampleClass9;TRACE;verbose detail for id 685581004
2025-01-14 19:40:18;SampleClass4;DEBUG;detail for id 1074098298
2025-01-14 19:40:18;SampleClass2;TRACE;verbose detail for id 79159350
2025-01-15 19:40:18;SampleClass4;INFO;everything normal for id 1890491601
2025-01-15 19:40:18;SampleClass3;TRACE;verbose detail for id 1184877692
2025-01-15 19:40:18;SampleClass4;DEBUG;detail for id 1929828151
2025-01-15 19:40:18;SampleClass4;TRACE;verbose detail for id 509505362
2025-01-15 19:40:18;SampleClass8;TRACE;verbose detail for id 2111039415
2025-01-15 19:40:18;SampleClass3;DEBUG;detail for id 1760740336
2025-01-15 19:40:18;SampleClass6;TRACE;verbose detail for id 948232438
2025-01-15 19:40:18;SampleClass0;TRACE;verbose detail for id 1132383640
2025-01-15 19:40:18;SampleClass8;DEBUG;detail for id 410953008
2025-01-15 19:40:18;SampleClass6;TRACE;verbose detail for id 2086519044
2025-01-15 19:40:18;SampleClass6;DEBUG;detail for id 1458183895
2025-01-15 19:40:18;SampleClass6;TRACE;verbose detail for id 55483519
2025-01-15 19:40:18;SampleClass4;TRACE;verbose detail for id 1539907012
2025-01-15 19:40:18;SampleClass1;DEBUG;detail for id 1653473564
2025-01-15 19:40:18;SampleClass9;INFO;everything normal for id 387124491
2025-01-15 19:40:18;SampleClass6;TRACE;verbose detail for id 1411028809
2025-01-15 19:40:18;SampleClass1;TRACE;verbose detail for id 1677387298
2025-01-15 19:40:18;SampleClass8;DEBUG;detail for id 1467122918
2025-01-15 19:40:18;SampleClass5;TRACE;verbose detail for id 1753072066
2025-01-15 19:40:18;SampleClass2;TRACE;verbose detail for id 1516785809
2025-01-15 19:40:18;SampleClass0;DEBUG;detail for id 1002730804
2025-01-15 19:40:18;SampleClass7;TRACE;verbose detail for id 853700228
2025-01-15 19:40:18;SampleClass8;TRACE;verbose detail for id 1846423337
2025-01-15 19:40:18;SampleClass0;DEBUG;detail for id 850445080
2025-01-15 19:40:18;SampleClass5;TRACE;verbose detail for id 535297680
2025-01-15 19:40:18;SampleClass1;TRACE;verbose detail for id 1497587976
2025-01-15 19:40:18;SampleClass5;DEBUG;detail for id 1655452089
2025-01-15 19:40:18;SampleClass4;TRACE;verbose detail for id 896080952
2025-01-15 19:40:18;SampleClass2;INFO;everything normal for id 1653448430
2025-01-15 19:40:18;SampleClass3;TRACE;verbose detail for id 838380026
2025-01-15 19:40:18;SampleClass2;DEBUG;detail for id 1518064320
2025-01-15 19:40:18;SampleClass7;TRACE;verbose detail for id 2028358395
2025-01-15 19:40:18;SampleClass2;TRACE;verbose detail for id 1617501115
2025-01-15 19:40:18;SampleClass4;DEBUG;detail for id 1402803445
2025-01-15 19:40:18;SampleClass8;TRACE;verbose detail for id 402483018
2025-01-15 19:40:18;SampleClass4;TRACE;verbose detail for id 2137619565
2025-01-15 19:40:18;SampleClass5;DEBUG;detail for id 988348086
2025-01-15 19:40:18;SampleClass6;TRACE;verbose detail for id 1982612081
2025-01-15 19:40:18;SampleClass1;DEBUG;detail for id 459901826
2025-01-15 19:40:18;SampleClass7;TRACE;verbose detail for id 1515641068
2025-01-15 19:40:18;SampleClass6;TRACE;verbose detail for id 1264146202
2025-01-15 19:40:18;SampleClass5;DEBUG;detail for id 2055608370
2025-01-15 19:40:18;SampleClass8;TRACE;verbose detail for id 962837695
2025-01-15 19:40:18;SampleClass7;TRACE;verbose detail for id 188776706
2025-01-15 19:40:18;SampleClass1;INFO;everything normal for id 1531931323
2025-01-15 19:40:18;SampleClass7;DEBUG;detail for id 88676137
2025-01-15 19:40:18;SampleClass1;TRACE;verbose detail for id 1039272967
2025-01-15 19:40:18;SampleClass2;TRACE;verbose detail for id 1490317022
2025-01-15 19:40:18;SampleClass4;DEBUG;detail for id 1157718573
2025-01-15 19:40:18;SampleClass0;TRACE;verbose detail for id 1769234966
2025-01-16 19:40:18;SampleClass9;TRACE;verbose detail for id 485884798
2025-01-16 19:40:18;SampleClass1;DEBUG;detail for id 1624745658
2025-01-16 19:40:18;SampleClass9;TRACE;verbose detail for id 1275343433
2025-01-16 19:40:18;SampleClass4;TRACE;verbose detail for id 1007277676
2025-01-16 19:40:18;SampleClass4;DEBUG;detail for id 1906750189
2025-01-16 19:40:18;SampleClass6;TRACE;verbose detail for id 2056307109
2025-01-16 19:40:18;SampleClass9;TRACE;verbose detail for id 1222186939
2025-01-16 19:40:18;SampleClass1;DEBUG;detail for id 1674549300
2025-01-16 19:40:18;SampleClass8;INFO;everything normal for id 189607560
2025-01-16 19:40:18;SampleClass0;TRACE;verbose detail for id 1972631752
2025-01-16 19:40:18;SampleClass6;TRACE;verbose detail for id 861591035
2025-01-16 19:40:18;SampleClass7;DEBUG;detail for id 1151492456
2025-01-16 19:40:18;SampleClass1;TRACE;verbose detail for id 1236134421
2025-01-16 19:40:18;SampleClass3;TRACE;verbose detail for id 1959472517
2025-01-16 19:40:18;SampleClass9;DEBUG;detail for id 190693760
2025-01-16 19:40:18;SampleClass4;TRACE;verbose detail for id 1226496063
2025-01-16 19:40:18;SampleClass5;DEBUG;detail for id 1620657607
2025-01-16 19:40:18;SampleClass7;TRACE;verbose detail for id 1794139348
2025-01-16 19:40:18;SampleClass8;TRACE;verbose detail for id 1733307425
2025-01-16 19:40:18;SampleClass2;DEBUG;detail for id 1130763539
2025-01-16 19:40:18;SampleClass5;TRACE;verbose detail for id 1971170731
2025-01-16 19:40:18;SampleClass2;TRACE;verbose detail for id 525887363
2025-01-16 19:40:18;SampleClass0;TRACE;verbose detail for id 1763419218
2025-01-16 19:40:18;SampleClass9;DEBUG;detail for id 2119664117
2025-01-16 19:40:18;SampleClass3;INFO;everything normal for id 298624651
2025-01-16 19:40:18;SampleClass1;TRACE;verbose detail for id 1444912311
2025-01-16 19:40:18;SampleClass1;TRACE;verbose detail for id 445032149
2025-01-16 19:40:18;SampleClass7;DEBUG;detail for id 1089192033
2025-01-16 19:40:18;SampleClass0;TRACE;verbose detail for id 528436764
2025-01-16 19:40:18;SampleClass5;DEBUG;detail for id 31751244
2025-01-16 19:40:18;SampleClass2;TRACE;verbose detail for id 1804302568
2025-01-16 19:40:18;SampleClass1;TRACE;verbose detail for id 81674105
2025-01-16 19:40:18;SampleClass7;TRACE;verbose detail for id 1814089648
2025-01-16 19:40:18;SampleClass4;DEBUG;detail for id 1333767079
2025-01-16 19:40:18;SampleClass1;TRACE;verbose detail for id 1106258836
2025-01-16 19:40:18;SampleClass7;DEBUG;detail for id 828502745
2025-01-16 19:40:18;SampleClass7;TRACE;verbose detail for id 768825820
2025-01-16 19:40:18;SampleClass7;TRACE;verbose detail for id 1892919568
2025-01-16 19:40:18;SampleClass4;INFO;everything normal for id 1672317595
2025-01-16 19:40:18;SampleClass3;DEBUG;detail for id 1082307494
2025-01-16 19:40:18;SampleClass0;TRACE;verbose detail for id 674407774
2025-01-16 19:40:18;SampleClass2;TRACE;verbose detail for id 834073097
2025-01-16 19:40:18;SampleClass9;TRACE;verbose detail for id 1021735061
2025-01-16 19:40:18;SampleClass3;DEBUG;detail for id 1929963440
2025-01-16 19:40:18;SampleClass1;TRACE;verbose detail for id 1757522932
2025-01-16 19:40:18;SampleClass8;DEBUG;detail for id 902357136
2025-01-16 19:40:18;SampleClass2;TRACE;verbose detail for id 1407415757
2025-01-16 19:40:18;SampleClass1;TRACE;verbose detail for id 809518849
2025-01-16 19:40:18;SampleClass1;ERROR;incorrect format for id 671681594 at com.osa.mocklogger.MockLogger$2.run(MockLogger.java:83)
2025-01-16 19:45:42;SampleClass3;TRACE;verbose detail for id 1163649393
2025-01-01 19:45:42;SampleClass0;DEBUG;detail for id 1916094275
2025-01-01 19:45:42;SampleClass7;TRACE;verbose detail for id 1422292027
2025-01-01 19:45:42;SampleClass8;DEBUG;detail for id 1287086119
2025-01-01 19:45:42;SampleClass2;INFO;everything normal for id 371591851
2025-01-01 19:45:42;SampleClass2;TRACE;verbose detail for id 1631392221
2025-01-01 19:45:42;SampleClass3;TRACE;verbose detail for id 2062200882
2025-01-01 19:45:42;SampleClass6;DEBUG;detail for id 274122451
2025-01-01 19:45:42;SampleClass6;TRACE;verbose detail for id 2099378088
2025-01-01 19:45:42;SampleClass5;WARN;problem finding id 331889446 at com.osa.mocklogger.MockLogger$2.run(MockLogger.java:83)
2025-01-01 19:45:42;SampleClass0;TRACE;verbose detail for id 829936736
2025-01-01 19:45:42;SampleClass5;DEBUG;detail for id 1927676975
2025-01-01 19:45:42;SampleClass2;TRACE;verbose detail for id 1426042291
2025-01-01 19:45:42;SampleClass1;TRACE;verbose detail for id 1206994492
2025-01-01 19:45:42;SampleClass3;DEBUG;detail for id 927695250
2025-01-01 19:45:42;SampleClass5;TRACE;verbose detail for id 710643518
2025-01-01 19:45:42;SampleClass4;TRACE;verbose detail for id 1739691786
2025-01-01 19:45:42;SampleClass0;DEBUG;detail for id 854046440
2025-01-01 19:45:42;SampleClass5;TRACE;verbose detail for id 1386154057
2025-01-01 19:45:42;SampleClass7;TRACE;verbose detail for id 1001627234
2025-01-01 19:45:42;SampleClass8;INFO;everything normal for id 484401073
2025-01-01 19:45:42;SampleClass6;DEBUG;detail for id 842852828
2025-01-01 19:45:42;SampleClass3;TRACE;verbose detail for id 325161087
2025-01-01 19:45:42;SampleClass0;TRACE;verbose detail for id 996361926
2025-01-01 19:45:42;SampleClass5;DEBUG;detail for id 211768278
2025-01-01 19:45:42;SampleClass2;TRACE;verbose detail for id 1953350057
2025-01-01 19:45:42;SampleClass0;TRACE;verbose detail for id 183830732
2025-01-01 19:45:42;SampleClass8;DEBUG;detail for id 692679215
2025-01-01 19:45:42;SampleClass4;TRACE;verbose detail for id 636747311
2025-01-01 19:45:42;SampleClass4;TRACE;verbose detail for id 1060550404
2025-01-01 19:45:42;SampleClass8;DEBUG;detail for id 2143118888
2025-01-01 19:45:42;SampleClass5;TRACE;verbose detail for id 1101004713
2025-01-01 19:45:42;SampleClass0;TRACE;verbose detail for id 1978869492
2025-01-01 19:45:42;SampleClass9;DEBUG;detail for id 865261426
2025-01-01 19:45:42;SampleClass4;TRACE;verbose detail for id 388690048
2025-01-01 19:45:42;SampleClass2;INFO;everything normal for id 1439767660
2025-01-01 19:45:42;SampleClass8;TRACE;verbose detail for id 201178355
2025-01-01 19:45:42;SampleClass0;DEBUG;detail for id 1653398998
2025-01-01 19:45:42;SampleClass9;TRACE;verbose detail for id 2023526415
2025-01-01 19:45:42;SampleClass3;TRACE;verbose detail for id 739562457
2025-01-01 19:45:42;SampleClass3;DEBUG;detail for id 213675234
2025-01-01 19:45:42;SampleClass9;TRACE;verbose detail for id 1944129043
2025-01-01 19:45:42;SampleClass1;TRACE;verbose detail for id 531204608
2025-01-01 19:45:42;SampleClass6;DEBUG;detail for id 1131715326
2025-01-01 19:45:42;SampleClass9;TRACE;verbose detail for id 585289563
2025-01-01 19:45:42;SampleClass2;DEBUG;detail for id 584116778
2025-01-01 19:45:42;SampleClass8;TRACE;verbose detail for id 1930061296
2025-01-01 19:45:42;SampleClass4;TRACE;verbose detail for id 633739438
2025-01-01 19:45:42;SampleClass3;DEBUG;detail for id 894584933
2025-01-01 19:45:42;SampleClass6;INFO;everything normal for id 1030114956
2025-01-01 19:45:42;SampleClass6;TRACE;verbose detail for id 254751569
2025-01-02 19:45:42;SampleClass2;TRACE;verbose detail for id 609436116
2025-01-02 19:45:42;SampleClass5;DEBUG;detail for id 390479814
2025-01-02 19:45:42;SampleClass8;TRACE;verbose detail for id 667019578
2025-01-02 19:45:42;SampleClass7;TRACE;verbose detail for id 1003731985
2025-01-02 19:45:42;SampleClass5;DEBUG;detail for id 1642196938
2025-01-02 19:45:42;SampleClass8;TRACE;verbose detail for id 685086637
2025-01-02 19:45:42;SampleClass0;TRACE;verbose detail for id 820722912
2025-01-02 19:45:42;SampleClass9;DEBUG;detail for id 1528570086
2025-01-02 19:45:42;SampleClass1;TRACE;verbose detail for id 2026757024
2025-01-02 19:45:42;SampleClass5;TRACE;verbose detail for id 1285830123
2025-01-02 19:45:42;SampleClass1;DEBUG;detail for id 48416607
2025-01-02 19:45:42;SampleClass1;TRACE;verbose detail for id 1878424895
2025-01-02 19:45:42;SampleClass7;TRACE;verbose detail for id 2116026290
2025-01-02 19:45:42;SampleClass3;INFO;everything normal for id 109884974
2025-01-02 19:45:42;SampleClass0;DEBUG;detail for id 1184911123
2025-01-02 19:45:42;SampleClass4;TRACE;verbose detail for id 1623387033
2025-01-02 19:45:42;SampleClass8;TRACE;verbose detail for id 1941346136
2025-01-02 19:45:42;SampleClass8;DEBUG;detail for id 1477199741
2025-01-02 19:45:42;SampleClass4;TRACE;verbose detail for id 1751474828
2025-01-02 19:45:42;SampleClass0;TRACE;verbose detail for id 1107506910
2025-01-02 19:45:42;SampleClass3;DEBUG;detail for id 1513898548
2025-01-02 19:45:42;SampleClass1;TRACE;verbose detail for id 670879988
2025-01-02 19:45:42;SampleClass9;TRACE;verbose detail for id 1713674243
2025-01-02 19:45:42;SampleClass6;DEBUG;detail for id 2050202739
2025-01-02 19:45:42;SampleClass4;TRACE;verbose detail for id 960264776
2025-01-02 19:45:42;SampleClass9;TRACE;verbose detail for id 2077312576
2025-01-02 19:45:42;SampleClass6;DEBUG;detail for id 189880992
2025-01-02 19:45:42;SampleClass6;INFO;everything normal for id 888143278
2025-01-02 19:45:42;SampleClass6;TRACE;verbose detail for id 714319621
2025-01-02 19:45:42;SampleClass9;TRACE;verbose detail for id 24440926
2025-01-02 19:45:42;SampleClass6;DEBUG;detail for id 84253416
2025-01-02 19:45:42;SampleClass8;TRACE;verbose detail for id 1933231062
2025-01-02 19:45:42;SampleClass9;TRACE;verbose detail for id 283845787
2025-01-02 19:45:42;SampleClass4;DEBUG;detail for id 1728901872
2025-01-02 19:45:42;SampleClass5;TRACE;verbose detail for id 217329198
2025-01-02 19:45:42;SampleClass5;DEBUG;detail for id 1383560046
2025-01-02 19:45:42;SampleClass0;TRACE;verbose detail for id 476515912
2025-01-02 19:45:42;SampleClass0;TRACE;verbose detail for id 725003168
2025-01-02 19:45:42;SampleClass9;DEBUG;detail for id 1700182271
2025-01-02 19:45:42;SampleClass2;TRACE;verbose detail for id 1875760554
2025-01-02 19:45:42;SampleClass0;TRACE;verbose detail for id 477722838
2025-01-02 19:45:42;SampleClass8;INFO;everything normal for id 233154471
2025-01-02 19:45:42;SampleClass7;DEBUG;detail for id 422137231
2025-01-02 19:45:42;SampleClass0;TRACE;verbose detail for id 273450210
2025-01-02 19:45:42;SampleClass8;TRACE;verbose detail for id 845999008
2025-01-02 19:45:42;SampleClass4;DEBUG;detail for id 1528714173
2025-01-02 19:45:42;SampleClass9;TRACE;verbose detail for id 1143214296
2025-01-02 19:45:42;SampleClass2;TRACE;verbose detail for id 1138505788
2025-01-02 19:45:42;SampleClass7;DEBUG;detail for id 1493069317
2025-01-02 19:45:42;SampleClass6;TRACE;verbose detail for id 2052361058
2025-01-03 19:45:42;SampleClass9;DEBUG;detail for id 369702283
2025-01-03 19:45:42;SampleClass6;TRACE;verbose detail for id 1689166339
2025-01-03 19:45:42;SampleClass7;TRACE;verbose detail for id 1370223382
2025-01-03 19:45:42;SampleClass3;DEBUG;detail for id 2004877729
2025-01-03 19:45:42;SampleClass1;TRACE;verbose detail for id 2025067548
2025-01-03 19:45:42;SampleClass6;TRACE;verbose detail for id 660188422
2025-01-03 19:45:42;SampleClass4;INFO;everything normal for id 1263199720
2025-01-03 19:45:42;SampleClass3;DEBUG;detail for id 807860341
2025-01-03 19:45:42;SampleClass6;TRACE;verbose detail for id 404824311
2025-01-03 19:45:42;SampleClass3;TRACE;verbose detail for id 1833886812
2025-01-03 19:45:42;SampleClass5;DEBUG;detail for id 2001684564
2025-01-03 19:45:42;SampleClass3;TRACE;verbose detail for id 1949219732
2025-01-03 19:45:42;SampleClass4;TRACE;verbose detail for id 1941779454
2025-01-03 19:45:42;SampleClass6;DEBUG;detail for id 216508132
2025-01-03 19:45:42;SampleClass3;TRACE;verbose detail for id 1438183566
2025-01-03 19:45:42;SampleClass1;TRACE;verbose detail for id 1983839354
2025-01-03 19:45:42;SampleClass9;DEBUG;detail for id 426704658
2025-01-03 19:45:42;SampleClass9;TRACE;verbose detail for id 1470678221
2025-01-03 19:45:42;SampleClass5;TRACE;verbose detail for id 1580952931
2025-01-03 19:45:42;SampleClass3;DEBUG;detail for id 206403033
2025-01-03 19:45:42;SampleClass7;INFO;everything normal for id 583522019
2025-01-03 19:45:42;SampleClass8;TRACE;verbose detail for id 626260539
2025-01-03 19:45:42;SampleClass0;TRACE;verbose detail for id 388592870
2025-01-03 19:45:42;SampleClass1;DEBUG;detail for id 1390487022
2025-01-03 19:45:42;SampleClass3;TRACE;verbose detail for id 494232860
2025-01-03 19:45:42;SampleClass3;TRACE;verbose detail for id 2001492474
2025-01-03 19:45:42;SampleClass6;DEBUG;detail for id 1011857397
2025-01-03 19:45:42;SampleClass6;TRACE;verbose detail for id 113322153
2025-01-03 19:45:42;SampleClass0;TRACE;verbose detail for id 1221489227
2025-01-03 19:45:42;SampleClass5;DEBUG;detail for id 1196808483
2025-01-03 19:45:42;SampleClass3;TRACE;verbose detail for id 1603699081
2025-01-03 19:45:42;SampleClass9;TRACE;verbose detail for id 1252634520
2025-01-03 19:45:42;SampleClass2;DEBUG;detail for id 235176401
2025-01-03 19:45:42;SampleClass4;TRACE;verbose detail for id 674872134
2025-01-03 19:45:42;SampleClass0;INFO;everything normal for id 1860120046
2025-01-03 19:58:39;SampleClass1;DEBUG;detail for id 1682122361
2025-01-03 19:58:39;SampleClass1;TRACE;verbose detail for id 988709465
2025-01-03 19:58:39;SampleClass2;TRACE;verbose detail for id 1872170564
2025-01-03 19:58:39;SampleClass3;DEBUG;detail for id 1520359411
2025-01-03 19:58:39;SampleClass9;TRACE;verbose detail for id 1505742806
2025-01-03 19:58:39;SampleClass9;TRACE;verbose detail for id 244973914
2025-01-03 19:58:39;SampleClass7;DEBUG;detail for id 323346598
2025-01-03 19:58:39;SampleClass1;TRACE;verbose detail for id 909949768
2025-01-03 19:58:39;SampleClass6;WARN;problem finding id 11195483 at com.osa.mocklogger.MockLogger$2.run(MockLogger.java:83)
2025-01-03 19:58:39;SampleClass6;TRACE;verbose detail for id 1751038346
2025-01-03 19:58:39;SampleClass7;DEBUG;detail for id 325981226
2025-01-03 19:58:39;SampleClass4;TRACE;verbose detail for id 1223624068
2025-01-03 19:58:39;SampleClass7;TRACE;verbose detail for id 1365143753
2025-01-03 19:58:39;SampleClass1;INFO;everything normal for id 572453452
2025-01-03 19:58:39;SampleClass8;DEBUG;detail for id 326282461
2025-01-04 19:58:39;SampleClass0;TRACE;verbose detail for id 41740622
2025-01-04 19:58:39;SampleClass7;TRACE;verbose detail for id 1997139716
2025-01-04 19:58:39;SampleClass6;DEBUG;detail for id 1672206892
2025-01-04 19:58:39;SampleClass4;TRACE;verbose detail for id 1108327707
2025-01-04 19:58:39;SampleClass4;TRACE;verbose detail for id 413380405
2025-01-04 19:58:39;SampleClass7;DEBUG;detail for id 840487483
2025-01-04 19:58:39;SampleClass9;TRACE;verbose detail for id 542173416
2025-01-04 19:58:39;SampleClass5;DEBUG;detail for id 86515082
2025-01-04 19:58:39;SampleClass7;TRACE;verbose detail for id 476974847
2025-01-04 19:58:39;SampleClass0;TRACE;verbose detail for id 1005658424
2025-01-04 19:58:39;SampleClass9;DEBUG;detail for id 1392096969
2025-01-04 19:58:39;SampleClass9;TRACE;verbose detail for id 735555034
2025-01-04 19:58:39;SampleClass6;TRACE;verbose detail for id 1869318957
2025-01-04 19:58:39;SampleClass1;INFO;everything normal for id 1838814794
2025-01-04 19:58:39;SampleClass6;DEBUG;detail for id 1888158620
2025-01-04 19:58:39;SampleClass0;TRACE;verbose detail for id 1497308891
2025-01-04 19:58:39;SampleClass6;TRACE;verbose detail for id 1143704148
2025-01-04 19:58:39;SampleClass5;DEBUG;detail for id 1666264259
2025-01-04 19:58:39;SampleClass6;TRACE;verbose detail for id 114105222
2025-01-04 19:58:39;SampleClass3;TRACE;verbose detail for id 601197974
2025-01-04 19:58:39;SampleClass0;DEBUG;detail for id 127540850
2025-01-04 19:58:39;SampleClass9;TRACE;verbose detail for id 1072138870
2025-01-04 19:58:39;SampleClass7;TRACE;verbose detail for id 2045662580
2025-01-04 19:58:39;SampleClass9;DEBUG;detail for id 1178275501
2025-01-04 19:58:39;SampleClass2;TRACE;verbose detail for id 1355310443
2025-01-04 19:58:39;SampleClass7;TRACE;verbose detail for id 627155102
2025-01-04 19:58:39;SampleClass4;DEBUG;detail for id 1986948597
2025-01-04 19:58:39;SampleClass2;TRACE;verbose detail for id 2002718392
2025-01-04 19:58:39;SampleClass1;INFO;everything normal for id 601181707
2025-01-04 19:58:39;SampleClass9;TRACE;verbose detail for id 696625096
2025-01-04 19:58:39;SampleClass9;DEBUG;detail for id 1240064240
2025-01-04 19:58:39;SampleClass9;TRACE;verbose detail for id 986188311
2025-01-04 19:58:39;SampleClass0;TRACE;verbose detail for id 1008331259
2025-01-04 19:58:39;SampleClass3;DEBUG;detail for id 360103055
2025-01-04 19:58:39;SampleClass6;TRACE;verbose detail for id 1226801556
2025-01-04 19:58:39;SampleClass5;DEBUG;detail for id 1379237955
2025-01-04 19:58:39;SampleClass6;TRACE;verbose detail for id 2142330526
2025-01-04 19:58:39;SampleClass7;TRACE;verbose detail for id 1326662157
2025-01-04 19:58:39;SampleClass1;DEBUG;detail for id 502484571
2025-01-04 19:58:39;SampleClass8;TRACE;verbose detail for id 893151141
2025-01-04 19:58:39;SampleClass6;INFO;everything normal for id 148952651
2025-01-04 19:58:39;SampleClass4;TRACE;verbose detail for id 1166229503
2025-01-04 19:58:39;SampleClass6;DEBUG;detail for id 397829043
2025-01-04 19:58:39;SampleClass3;TRACE;verbose detail for id 891794561
2025-01-04 19:58:39;SampleClass0;TRACE;verbose detail for id 1121058822
2025-01-04 19:58:39;SampleClass3;DEBUG;detail for id 290222917
2025-01-04 19:58:39;SampleClass6;TRACE;verbose detail for id 1773240102
2025-01-04 19:58:39;SampleClass5;TRACE;verbose detail for id 1639188784
2025-01-04 19:58:39;SampleClass1;DEBUG;detail for id 1002562670
2025-01-04 19:58:39;SampleClass4;TRACE;verbose detail for id 650604508
2025-01-05 19:58:39;SampleClass1;TRACE;verbose detail for id 526756600
2025-01-05 19:58:39;SampleClass5;DEBUG;detail for id 716746519
2025-01-05 19:58:39;SampleClass4;TRACE;verbose detail for id 1520025938
2025-01-05 19:58:39;SampleClass7;TRACE;verbose detail for id 1840954913
2025-01-05 19:58:39;SampleClass5;DEBUG;detail for id 616138807
2025-01-05 19:58:39;SampleClass9;INFO;everything normal for id 1807416139
2025-01-05 19:58:39;SampleClass5;TRACE;verbose detail for id 1132125228
2025-01-05 19:58:39;SampleClass0;TRACE;verbose detail for id 432987987
2025-01-05 19:58:39;SampleClass4;DEBUG;detail for id 690005461
2025-01-05 19:58:39;SampleClass1;TRACE;verbose detail for id 54739915
2025-01-05 19:58:39;SampleClass1;TRACE;verbose detail for id 850223527
2025-01-05 19:58:39;SampleClass7;DEBUG;detail for id 86643612
2025-01-05 19:58:39;SampleClass6;TRACE;verbose detail for id 1067970342
2025-01-05 19:58:39;SampleClass7;TRACE;verbose detail for id 1090825988
2025-01-05 19:58:39;SampleClass7;DEBUG;detail for id 1956996671
2025-01-05 19:58:39;SampleClass3;TRACE;verbose detail for id 1281702655
2025-01-05 19:58:39;SampleClass1;DEBUG;detail for id 1409407726
2025-01-05 19:58:39;SampleClass3;TRACE;verbose detail for id 646127491
2025-01-05 19:58:39;SampleClass3;TRACE;verbose detail for id 600960795
2025-01-05 19:58:39;SampleClass2;INFO;everything normal for id 49788120
2025-01-05 19:58:39;SampleClass4;DEBUG;detail for id 2123019458
2025-01-05 19:58:39;SampleClass4;TRACE;verbose detail for id 353451573
2025-01-05 19:58:39;SampleClass8;TRACE;verbose detail for id 950178429
2025-01-05 19:58:39;SampleClass3;DEBUG;detail for id 789466424
2025-01-05 19:58:39;SampleClass5;TRACE;verbose detail for id 1820646069
2025-01-05 19:58:39;SampleClass7;TRACE;verbose detail for id 721704010
2025-01-05 19:58:39;SampleClass5;DEBUG;detail for id 596363340
2025-01-05 19:58:39;SampleClass0;TRACE;verbose detail for id 1400356664
2025-01-05 19:58:39;SampleClass5;TRACE;verbose detail for id 1307788059
2025-01-05 19:58:39;SampleClass3;DEBUG;detail for id 1624221504
2025-01-05 19:58:39;SampleClass6;TRACE;verbose detail for id 546604017
2025-01-05 19:58:39;SampleClass7;TRACE;verbose detail for id 84079714
2025-01-05 19:58:39;SampleClass8;DEBUG;detail for id 445449211
2025-01-05 19:58:39;SampleClass3;INFO;everything normal for id 2024522464
2025-01-05 19:58:39;SampleClass9;TRACE;verbose detail for id 1795596403
2025-01-05 19:58:39;SampleClass5;TRACE;verbose detail for id 830357894
2025-01-05 19:58:39;SampleClass1;DEBUG;detail for id 111235356
2025-01-05 19:58:39;SampleClass7;TRACE;verbose detail for id 735378839
2025-01-05 19:58:39;SampleClass9;TRACE;verbose detail for id 767756576
2025-01-05 19:58:39;SampleClass8;DEBUG;detail for id 386905234
2025-01-05 19:58:39;SampleClass4;TRACE;verbose detail for id 1370981326
2025-01-05 19:58:39;SampleClass9;TRACE;verbose detail for id 672535066
2025-01-05 19:58:39;SampleClass1;DEBUG;detail for id 395021187
2025-01-05 19:58:39;SampleClass4;TRACE;verbose detail for id 2140706277
2025-01-05 19:58:39;SampleClass1;DEBUG;detail for id 238710886
2025-01-05 19:58:39;SampleClass7;TRACE;verbose detail for id 55830637
2025-01-05 19:58:39;SampleClass2;TRACE;verbose detail for id 1016091061
2025-01-05 19:58:39;SampleClass6;INFO;everything normal for id 850363204
2025-01-05 19:58:39;SampleClass3;DEBUG;detail for id 518698320
2025-01-05 19:58:39;SampleClass7;TRACE;verbose detail for id 544702486
2025-01-05 19:58:39;SampleClass1;TRACE;verbose detail for id 1397204014
2025-01-05 19:58:39;SampleClass6;DEBUG;detail for id 1995931581
2025-01-05 19:58:39;SampleClass9;TRACE;verbose detail for id 1798043879
2025-01-05 19:58:39;SampleClass8;TRACE;verbose detail for id 722208298
2025-01-05 19:58:39;SampleClass6;DEBUG;detail for id 1536452559
2025-01-05 19:58:39;SampleClass1;TRACE;verbose detail for id 1975569541
2025-01-05 19:58:39;SampleClass2;TRACE;verbose detail for id 1813945654
2025-01-05 19:58:39;SampleClass4;DEBUG;detail for id 1496097749
2025-01-05 19:58:39;SampleClass0;TRACE;verbose detail for id 1111553881
2025-01-05 19:58:39;SampleClass6;TRACE;verbose detail for id 1325700756
2025-01-05 19:58:39;SampleClass0;DEBUG;detail for id 704686823
2025-01-05 19:58:39;SampleClass7;INFO;everything normal for id 2116663221
2025-01-05 19:58:39;SampleClass5;TRACE;verbose detail for id 1278652856
2025-01-05 19:58:39;SampleClass4;TRACE;verbose detail for id 58757241
2025-01-05 19:58:39;SampleClass3;DEBUG;detail for id 1386531509
2025-01-05 19:58:39;SampleClass4;TRACE;verbose detail for id 467524089
2025-01-05 19:58:39;SampleClass5;DEBUG;detail for id 247453597
2025-01-05 19:58:39;SampleClass1;TRACE;verbose detail for id 1167014738
2025-01-05 19:58:39;SampleClass4;ERROR;incorrect format for id 1919705250 at com.osa.mocklogger.MockLogger$2.run(MockLogger.java:83)
2025-01-05 20:04:31;SampleClass0;TRACE;verbose detail for id 756700622
2025-01-05 20:04:31;SampleClass9;DEBUG;detail for id 1128270038
2025-01-05 20:04:31;SampleClass3;TRACE;verbose detail for id 340223419
2025-01-05 20:04:31;SampleClass4;TRACE;verbose detail for id 1676112819
2025-01-05 20:04:31;SampleClass4;DEBUG;detail for id 1041433859
2025-01-05 20:04:31;SampleClass6;TRACE;verbose detail for id 84081974
2025-01-05 20:04:31;SampleClass5;WARN;missing id 1739629012
2025-01-05 20:04:31;SampleClass9;INFO;everything normal for id 1262118917
2025-01-05 20:04:31;SampleClass5;TRACE;verbose detail for id 142568137
2025-01-05 20:04:31;SampleClass1;DEBUG;detail for id 897253675
2025-01-05 20:04:31;SampleClass6;TRACE;verbose detail for id 1260639428
2025-01-05 20:04:31;SampleClass2;TRACE;verbose detail for id 1603506118
2025-01-05 20:04:31;SampleClass5;DEBUG;detail for id 1017296357
2025-01-05 20:04:31;SampleClass1;TRACE;verbose detail for id 1377985658
2025-01-05 20:04:31;SampleClass1;TRACE;verbose detail for id 1316984788
2025-01-05 20:04:31;SampleClass5;DEBUG;detail for id 1435155703
2025-01-05 20:04:31;SampleClass2;TRACE;verbose detail for id 1176230686
2025-01-05 20:04:31;SampleClass2;TRACE;verbose detail for id 1292313663
2025-01-05 20:04:31;SampleClass0;DEBUG;detail for id 1754329629
2025-01-05 20:04:31;SampleClass9;TRACE;verbose detail for id 2122112728
2025-01-05 20:04:31;SampleClass2;DEBUG;detail for id 1248717890
2025-01-05 20:04:31;SampleClass8;INFO;everything normal for id 1688650975
2025-01-05 20:04:31;SampleClass0;TRACE;verbose detail for id 728325065
2025-01-05 20:04:31;SampleClass0;TRACE;verbose detail for id 1381225979
2025-01-05 20:04:31;SampleClass9;DEBUG;detail for id 1803385433
2025-01-05 20:04:31;SampleClass5;TRACE;verbose detail for id 1711631061
2025-01-05 20:04:31;SampleClass2;TRACE;verbose detail for id 511923690
2025-01-05 20:04:31;SampleClass8;DEBUG;detail for id 1388625346
2025-01-05 20:04:31;SampleClass4;TRACE;verbose detail for id 1667930487
2025-01-05 20:04:31;SampleClass6;TRACE;verbose detail for id 635293827
2025-01-05 20:04:31;SampleClass4;DEBUG;detail for id 115923087
2025-01-06 20:04:31;SampleClass8;TRACE;verbose detail for id 1389833671
2025-01-06 20:04:31;SampleClass6;TRACE;verbose detail for id 968867577
2025-01-06 20:04:31;SampleClass2;DEBUG;detail for id 2085630259
2025-01-06 20:04:31;SampleClass6;TRACE;verbose detail for id 1881585775
2025-01-06 20:04:31;SampleClass5;INFO;everything normal for id 1006699952
2025-01-06 20:04:31;SampleClass2;TRACE;verbose detail for id 1419548871
2025-01-06 20:04:31;SampleClass9;DEBUG;detail for id 1210717269
2025-01-06 20:04:31;SampleClass3;TRACE;verbose detail for id 1768847676
2025-01-06 20:04:31;SampleClass8;TRACE;verbose detail for id 916097919
2025-01-06 20:04:31;SampleClass3;DEBUG;detail for id 333616654
2025-01-06 20:04:31;SampleClass3;TRACE;verbose detail for id 2005301329
2025-01-06 20:04:31;SampleClass3;TRACE;verbose detail for id 1269954590
2025-01-06 20:04:31;SampleClass9;DEBUG;detail for id 560369055
2025-01-06 20:04:31;SampleClass6;TRACE;verbose detail for id 1641961834
2025-01-06 20:04:31;SampleClass0;TRACE;verbose detail for id 966354741
2025-01-06 20:04:31;SampleClass8;DEBUG;detail for id 711735103
2025-01-06 20:04:31;SampleClass5;TRACE;verbose detail for id 430743307
2025-01-06 20:04:31;SampleClass7;INFO;everything normal for id 2030479511
2025-01-06 20:04:31;SampleClass3;TRACE;verbose detail for id 452489794
2025-01-06 20:04:31;SampleClass9;DEBUG;detail for id 418210200
2025-01-06 20:04:31;SampleClass6;TRACE;verbose detail for id 1822603649
2025-01-06 20:04:31;SampleClass5;DEBUG;detail for id 1775773085
2025-01-06 20:04:31;SampleClass5;TRACE;verbose detail for id 329962802
2025-01-06 20:04:31;SampleClass2;TRACE;verbose detail for id 473696838
2025-01-06 20:04:31;SampleClass1;DEBUG;detail for id 1101674110
2025-01-06 20:04:31;SampleClass7;TRACE;verbose detail for id 198920797
2025-01-06 20:04:31;SampleClass3;TRACE;verbose detail for id 1882607741
2025-01-06 20:04:31;SampleClass8;DEBUG;detail for id 1628794032
2025-01-06 20:04:31;SampleClass2;TRACE;verbose detail for id 389132612
2025-01-06 20:04:31;SampleClass9;TRACE;verbose detail for id 1784966201
2025-01-06 20:04:31;SampleClass1;DEBUG;detail for id 1818774981
2025-01-06 20:04:31;SampleClass0;INFO;everything normal for id 1859920024
2025-01-06 20:04:31;SampleClass7;TRACE;verbose detail for id 1042380351
2025-01-06 20:04:31;SampleClass6;TRACE;verbose detail for id 1144971105
2025-01-06 20:04:31;SampleClass0;DEBUG;detail for id 861108791
2025-01-06 20:04:31;SampleClass2;TRACE;verbose detail for id 1867383362
2025-01-06 20:04:31;SampleClass3;TRACE;verbose detail for id 1099018937
2025-01-06 20:04:31;SampleClass2;DEBUG;detail for id 1869855299
2025-01-06 20:04:31;SampleClass6;TRACE;verbose detail for id 458822523
2025-01-06 20:04:31;SampleClass5;DEBUG;detail for id 187150471
2025-01-06 20:04:31;SampleClass3;TRACE;verbose detail for id 1914195493
2025-01-06 20:04:31;SampleClass8;TRACE;verbose detail for id 2076343511
2025-01-06 20:04:31;SampleClass8;DEBUG;detail for id 1370233764
2025-01-06 20:04:31;SampleClass6;TRACE;verbose detail for id 1320634808
2025-01-06 20:04:31;SampleClass2;TRACE;verbose detail for id 1997427300
2025-01-06 20:04:31;SampleClass1;DEBUG;detail for id 535357591
2025-01-06 20:04:31;SampleClass3;INFO;everything normal for id 1837134060
2025-01-06 20:04:31;SampleClass2;TRACE;verbose detail for id 839582509
2025-01-06 20:04:31;SampleClass5;TRACE;verbose detail for id 1812757852
2025-01-06 20:04:31;SampleClass1;DEBUG;detail for id 1420229456
2025-01-07 20:04:31;SampleClass8;TRACE;verbose detail for id 1146453333
2025-01-07 20:04:31;SampleClass6;TRACE;verbose detail for id 905901129
2025-01-07 20:04:31;SampleClass7;DEBUG;detail for id 695076476
2025-01-07 20:04:31;SampleClass8;TRACE;verbose detail for id 1979870584
2025-01-07 20:04:31;SampleClass5;TRACE;verbose detail for id 38895508
2025-01-07 20:04:31;SampleClass2;DEBUG;detail for id 2094534328
2025-01-07 20:04:31;SampleClass0;TRACE;verbose detail for id 2051886633
2025-01-07 20:04:31;SampleClass4;DEBUG;detail for id 1295034537
2025-01-07 20:04:31;SampleClass5;TRACE;verbose detail for id 968162683
2025-01-07 20:04:31;SampleClass2;TRACE;verbose detail for id 2104824240
2025-01-07 20:04:31;SampleClass6;INFO;everything normal for id 1619829491
2025-01-07 20:04:31;SampleClass2;DEBUG;detail for id 1320747479
2025-01-07 20:04:31;SampleClass1;TRACE;verbose detail for id 1958613189
2025-01-07 20:04:31;SampleClass3;TRACE;verbose detail for id 1471955243
2025-01-07 20:04:31;SampleClass5;DEBUG;detail for id 1200917043
2025-01-07 20:04:31;SampleClass5;TRACE;verbose detail for id 728932052
2025-01-07 20:04:31;SampleClass3;TRACE;verbose detail for id 258386797
2025-01-07 20:04:31;SampleClass6;DEBUG;detail for id 591721439
2025-01-07 20:04:31;SampleClass8;TRACE;verbose detail for id 384447951
2025-01-07 20:04:31;SampleClass9;TRACE;verbose detail for id 783426305
2025-01-07 20:04:31;SampleClass9;DEBUG;detail for id 2088840063
2025-01-07 20:04:31;SampleClass2;TRACE;verbose detail for id 708554385
2025-01-07 20:04:31;SampleClass7;TRACE;verbose detail for id 2133152456
2025-01-07 20:04:31;SampleClass0;DEBUG;detail for id 1249935191
2025-01-07 20:04:31;SampleClass1;TRACE;verbose detail for id 690221194
2025-01-07 20:04:31;SampleClass0;INFO;everything normal for id 2117200686
2025-01-07 20:04:31;SampleClass0;TRACE;verbose detail for id 345469662
2025-01-07 20:04:31;SampleClass1;DEBUG;detail for id 1774878314
2025-01-07 20:04:31;SampleClass3;TRACE;verbose detail for id 1442135490
2025-01-07 20:04:31;SampleClass5;DEBUG;detail for id 2097972952
2025-01-07 20:04:31;SampleClass4;TRACE;verbose detail for id 1079532713
2025-01-07 20:04:31;SampleClass4;TRACE;verbose detail for id 1819410740
2025-01-07 20:04:31;SampleClass9;DEBUG;detail for id 867832359
2025-01-07 20:04:31;SampleClass0;TRACE;verbose detail for id 883432856
2025-01-07 20:04:31;SampleClass4;TRACE;verbose detail for id 279838536
2025-01-07 20:04:31;SampleClass3;DEBUG;detail for id 712067831
2025-01-07 20:04:31;SampleClass7;TRACE;verbose detail for id 871084656
2025-01-07 20:04:31;SampleClass8;TRACE;verbose detail for id 142620460
2025-01-07 20:04:31;SampleClass6;DEBUG;detail for id 1112823765
2025-01-07 20:04:31;SampleClass6;INFO;everything normal for id 1487675533
2025-01-07 20:04:31;SampleClass2;TRACE;verbose detail for id 1056518348
2025-01-07 20:04:31;SampleClass8;TRACE;verbose detail for id 568843851
2025-01-07 20:04:31;SampleClass1;DEBUG;detail for id 51289242
2025-01-07 20:04:31;SampleClass9;TRACE;verbose detail for id 233717982
2025-01-07 20:04:31;SampleClass8;TRACE;verbose detail for id 833252517
2025-01-07 20:04:31;SampleClass4;DEBUG;detail for id 422998781
2025-01-07 20:04:31;SampleClass6;TRACE;verbose detail for id 169164283
2025-01-07 20:04:31;SampleClass9;TRACE;verbose detail for id 763035305
2025-01-07 20:04:31;SampleClass4;DEBUG;detail for id 1358177989
2025-01-07 20:04:31;SampleClass7;TRACE;verbose detail for id 1581239562
2025-01-08 20:11:35;SampleClass3;TRACE;verbose detail for id 1812059738
2025-01-08 20:11:35;SampleClass4;DEBUG;detail for id 769773328
2025-01-08 20:11:35;SampleClass3;TRACE;verbose detail for id 978502294
2025-01-08 20:11:35;SampleClass6;INFO;everything normal for id 1631919407
2025-01-08 20:11:35;SampleClass5;TRACE;verbose detail for id 1834058134
2025-01-08 20:11:35;SampleClass7;DEBUG;detail for id 2063091963
2025-01-08 20:11:35;SampleClass0;TRACE;verbose detail for id 169628726
2025-01-08 20:11:35;SampleClass3;TRACE;verbose detail for id 1482645041
2025-01-08 20:11:35;SampleClass5;DEBUG;detail for id 1479657717
2025-01-08 20:11:35;SampleClass5;WARN;problem finding id 404455085 at com.osa.mocklogger.MockLogger$2.run(MockLogger.java:83)
2025-01-08 20:11:35;SampleClass2;TRACE;verbose detail for id 2011178381
2025-01-08 20:11:35;SampleClass3;TRACE;verbose detail for id 31210465
2025-01-08 20:11:35;SampleClass4;DEBUG;detail for id 151245400
2025-01-08 20:11:35;SampleClass7;TRACE;verbose detail for id 1390280615
2025-01-08 20:11:35;SampleClass9;TRACE;verbose detail for id 1010378501
2025-01-08 20:11:35;SampleClass7;DEBUG;detail for id 1460422931
2025-01-08 20:11:35;SampleClass1;TRACE;verbose detail for id 381148496
2025-01-08 20:11:35;SampleClass4;TRACE;verbose detail for id 1634291178
2025-01-08 20:11:35;SampleClass5;DEBUG;detail for id 1478476550
2025-01-08 20:11:35;SampleClass4;INFO;everything normal for id 1920662057
2025-01-08 20:11:35;SampleClass7;TRACE;verbose detail for id 1497392194
2025-01-08 20:11:35;SampleClass3;DEBUG;detail for id 1510665388
2025-01-08 20:11:35;SampleClass0;TRACE;verbose detail for id 1375447064
2025-01-08 20:11:35;SampleClass4;TRACE;verbose detail for id 1226243707
2025-01-08 20:11:35;SampleClass2;DEBUG;detail for id 1343688233
2025-01-08 20:11:35;SampleClass2;TRACE;verbose detail for id 1110024457
2025-01-08 20:11:35;SampleClass2;TRACE;verbose detail for id 492346996
2025-01-08 20:11:35;SampleClass5;DEBUG;detail for id 1931414535
2025-01-08 20:11:35;SampleClass1;TRACE;verbose detail for id 1407950755
2025-01-08 20:11:35;SampleClass0;TRACE;verbose detail for id 1687783776
2025-01-08 20:11:35;SampleClass5;DEBUG;detail for id 1770318644
2025-01-08 20:11:35;SampleClass8;TRACE;verbose detail for id 1396119410
2025-01-08 20:11:35;SampleClass3;TRACE;verbose detail for id 1248610886
2025-01-08 20:11:35;SampleClass5;DEBUG;detail for id 1363467649
2025-01-08 20:11:35;SampleClass2;INFO;everything normal for id 1507582441
2025-01-08 20:11:35;SampleClass8;TRACE;verbose detail for id 4179981
2025-01-08 20:11:35;SampleClass4;TRACE;verbose detail for id 51184605
2025-01-08 20:11:35;SampleClass2;DEBUG;detail for id 1516176682
2025-01-08 20:11:35;SampleClass7;TRACE;verbose detail for id 28894134
2025-01-08 20:11:35;SampleClass6;TRACE;verbose detail for id 1155063792
2025-01-08 20:11:35;SampleClass7;DEBUG;detail for id 1993064832
2025-01-08 20:11:35;SampleClass9;TRACE;verbose detail for id 1096120192
2025-01-08 20:11:35;SampleClass4;TRACE;verbose detail for id 1530516857
2025-01-08 20:11:35;SampleClass0;DEBUG;detail for id 859314993
2025-01-08 20:11:35;SampleClass8;TRACE;verbose detail for id 2076096770
2025-01-08 20:11:35;SampleClass9;DEBUG;detail for id 1156486405
2025-01-08 20:11:35;SampleClass1;TRACE;verbose detail for id 367363932
2025-01-08 20:11:35;SampleClass0;TRACE;verbose detail for id 128431581
2025-01-08 20:11:35;SampleClass4;INFO;everything normal for id 1324963136
2025-01-08 20:11:35;SampleClass1;DEBUG;detail for id 1451707489
2025-01-09 20:11:35;SampleClass2;TRACE;verbose detail for id 37054896
2025-01-09 20:11:35;SampleClass2;TRACE;verbose detail for id 251143068
2025-01-09 20:11:35;SampleClass7;DEBUG;detail for id 850785247
2025-01-09 20:11:35;SampleClass5;TRACE;verbose detail for id 1734827377
2025-01-09 20:11:35;SampleClass0;TRACE;verbose detail for id 580350260
2025-01-09 20:11:35;SampleClass6;DEBUG;detail for id 947940018
2025-01-09 20:11:35;SampleClass7;TRACE;verbose detail for id 705909647
2025-01-09 20:11:35;SampleClass5;TRACE;verbose detail for id 1072806326
2025-01-09 20:11:35;SampleClass9;DEBUG;detail for id 1509284973
2025-01-09 20:11:35;SampleClass7;TRACE;verbose detail for id 1915141886
2025-01-09 20:11:35;SampleClass8;TRACE;verbose detail for id 542164111
2025-01-09 20:11:35;SampleClass0;DEBUG;detail for id 1835860607
2025-01-09 20:11:35;SampleClass9;TRACE;verbose detail for id 1167224506
2025-01-09 20:11:35;SampleClass4;INFO;everything normal for id 107435108
2025-01-09 20:11:35;SampleClass6;TRACE;verbose detail for id 129865291
2025-01-09 20:11:35;SampleClass5;DEBUG;detail for id 1782486395
2025-01-09 20:11:35;SampleClass2;TRACE;verbose detail for id 860329156
2025-01-09 20:11:35;SampleClass0;DEBUG;detail for id 2100599091
2025-01-09 20:11:35;SampleClass3;TRACE;verbose detail for id 1029582173
2025-01-09 20:11:35;SampleClass2;TRACE;verbose detail for id 64978985
2025-01-09 20:11:35;SampleClass5;DEBUG;detail for id 934615579
2025-01-09 20:11:35;SampleClass1;TRACE;verbose detail for id 847394054
2025-01-09 20:11:35;SampleClass9;TRACE;verbose detail for id 1256532192
2025-01-09 20:11:35;SampleClass2;DEBUG;detail for id 1944337293
2025-01-09 20:11:35;SampleClass4;TRACE;verbose detail for id 1297160359
2025-01-09 20:11:35;SampleClass4;TRACE;verbose detail for id 1087524204
2025-01-09 20:11:35;SampleClass3;DEBUG;detail for id 2098292087
2025-01-09 20:11:35;SampleClass1;TRACE;verbose detail for id 1848977621
2025-01-09 20:11:35;SampleClass4;INFO;everything normal for id 729071158
2025-01-09 20:11:35;SampleClass2;TRACE;verbose detail for id 1646051001
2025-01-09 20:11:35;SampleClass2;DEBUG;detail for id 1062356997
2025-01-09 20:11:35;SampleClass1;TRACE;verbose detail for id 622552214
2025-01-09 20:11:35;SampleClass8;TRACE;verbose detail for id 1008883541
2025-01-09 20:11:35;SampleClass3;DEBUG;detail for id 1351549582
2025-01-09 20:11:35;SampleClass8;TRACE;verbose detail for id 383365574
2025-01-09 20:11:35;SampleClass1;TRACE;verbose detail for id 1614089835
2025-01-09 20:11:35;SampleClass2;DEBUG;detail for id 1791694375
2025-01-09 20:11:35;SampleClass7;TRACE;verbose detail for id 465496334
2025-01-09 20:11:35;SampleClass3;TRACE;verbose detail for id 1364908988
2025-01-09 20:11:35;SampleClass6;DEBUG;detail for id 749772073
2025-01-09 20:11:35;SampleClass6;INFO;everything normal for id 1741609591
2025-01-09 20:11:35;SampleClass4;TRACE;verbose detail for id 1227596054
2025-01-09 20:11:35;SampleClass4;DEBUG;detail for id 1357738425
2025-01-09 20:11:35;SampleClass4;TRACE;verbose detail for id 183849071
2025-01-09 20:11:35;SampleClass5;TRACE;verbose detail for id 1441369694
2025-01-09 20:11:35;SampleClass0;DEBUG;detail for id 2097332944
2025-01-09 20:11:35;SampleClass9;TRACE;verbose detail for id 140394069
2025-01-09 20:11:35;SampleClass1;TRACE;verbose detail for id 557476373
2025-01-09 20:11:35;SampleClass9;DEBUG;detail for id 1924334940
2025-01-09 20:11:35;SampleClass5;TRACE;verbose detail for id 1937414731
2025-01-10 20:11:35;SampleClass2;TRACE;verbose detail for id 1309974910
2025-01-10 20:11:35;SampleClass8;DEBUG;detail for id 1470120805
2025-01-10 20:11:35;SampleClass5;TRACE;verbose detail for id 505923553
2025-01-10 20:11:35;SampleClass9;TRACE;verbose detail for id 1059194309
2025-01-10 20:11:35;SampleClass1;DEBUG;detail for id 717585836
2025-01-10 20:11:35;SampleClass1;TRACE;verbose detail for id 89720084
2025-01-10 20:11:35;SampleClass5;INFO;everything normal for id 405881821
2025-01-10 20:11:35;SampleClass5;TRACE;verbose detail for id 1534038707
2025-01-10 20:11:35;SampleClass7;DEBUG;detail for id 1107464229
2025-01-10 20:11:35;SampleClass1;TRACE;verbose detail for id 1615675165
2025-01-10 20:11:35;SampleClass4;TRACE;verbose detail for id 770673922
2025-01-10 20:11:35;SampleClass2;DEBUG;detail for id 1530207098
2025-01-10 20:11:35;SampleClass0;TRACE;verbose detail for id 381772262
2025-01-10 20:11:35;SampleClass8;TRACE;verbose detail for id 320051076
2025-01-10 20:11:35;SampleClass5;DEBUG;detail for id 746059247
2025-01-10 20:11:35;SampleClass0;TRACE;verbose detail for id 2087047171
2025-01-10 20:11:35;SampleClass4;TRACE;verbose detail for id 1422777297
2025-01-10 20:11:35;SampleClass9;DEBUG;detail for id 1486603773
2025-01-10 20:11:35;SampleClass3;TRACE;verbose detail for id 1703608946
2025-01-10 20:11:35;SampleClass4;INFO;everything normal for id 1036233317
2025-01-10 20:11:35;SampleClass0;TRACE;verbose detail for id 769684984
2025-01-10 20:11:35;SampleClass8;DEBUG;detail for id 1647746425
2025-01-10 20:11:35;SampleClass2;TRACE;verbose detail for id 1523527066
2025-01-10 20:11:35;SampleClass2;DEBUG;detail for id 1998302620
2025-01-10 20:11:35;SampleClass4;TRACE;verbose detail for id 129615085
2025-01-10 20:11:35;SampleClass2;TRACE;verbose detail for id 435836472
2025-01-10 20:11:35;SampleClass0;DEBUG;detail for id 882011440
2025-01-10 20:11:35;SampleClass9;TRACE;verbose detail for id 66797536
2025-01-10 20:11:35;SampleClass2;FATAL;unrecoverable system problem at id 609774657 at com.osa.mocklogger.MockLogger$2.run(MockLogger.java:83)
2025-01-10 20:11:35;SampleClass8;TRACE;verbose detail for id 459410856
2025-01-10 20:11:35;SampleClass6;DEBUG;detail for id 1725042623
2025-01-10 20:11:35;SampleClass2;TRACE;verbose detail for id 1542500603
2025-01-10 20:11:35;SampleClass2;TRACE;verbose detail for id 286873790
2025-01-10 20:11:35;SampleClass1;DEBUG;detail for id 558353201
2025-01-10 20:11:35;SampleClass1;ERROR;incorrect format for id 1088486137 at com.osa.mocklogger.MockLogger$2.run(MockLogger.java:83)
2025-01-10 20:11:35;SampleClass4;TRACE;verbose detail for id 1373703376
2025-01-10 20:11:35;SampleClass3;INFO;everything normal for id 657773974
2025-01-10 20:11:56;SampleClass9;TRACE;verbose detail for id 1286934830
2025-01-10 20:11:56;SampleClass0;DEBUG;detail for id 1003046542
2025-01-10 20:11:56;SampleClass5;TRACE;verbose detail for id 208092650
2025-01-10 20:11:56;SampleClass3;TRACE;verbose detail for id 1100355198
2025-01-10 20:11:56;SampleClass0;DEBUG;detail for id 12693466
2025-01-10 20:11:56;SampleClass4;TRACE;verbose detail for id 1877671288
2025-01-10 20:11:56;SampleClass5;TRACE;verbose detail for id 1618799332
2025-01-10 20:11:56;SampleClass5;WARN;problem finding id 1358451042 at com.osa.mocklogger.MockLogger$2.run(MockLogger.java:83)
2025-01-10 20:11:56;SampleClass5;DEBUG;detail for id 1976092771
2025-01-10 20:11:56;SampleClass5;TRACE;verbose detail for id 1317358561
2025-01-10 20:11:56;SampleClass5;TRACE;verbose detail for id 1737534798
2025-01-10 20:11:56;SampleClass7;DEBUG;detail for id 1475865947
2025-01-10 20:11:56;SampleClass5;TRACE;verbose detail for id 93292939
2025-01-11 20:11:56;SampleClass4;INFO;everything normal for id 1104060891
2025-01-11 20:11:56;SampleClass1;TRACE;verbose detail for id 1471326656
2025-01-11 20:11:56;SampleClass3;DEBUG;detail for id 1708755479
2025-01-11 20:11:56;SampleClass3;TRACE;verbose detail for id 96477767
2025-01-11 20:11:56;SampleClass2;DEBUG;detail for id 224721019
2025-01-11 20:11:56;SampleClass7;TRACE;verbose detail for id 1198913921
2025-01-11 20:11:56;SampleClass8;TRACE;verbose detail for id 909684968
2025-01-11 20:11:56;SampleClass4;DEBUG;detail for id 759976095
2025-01-11 20:11:56;SampleClass2;TRACE;verbose detail for id 1414320436
2025-01-11 20:11:56;SampleClass7;TRACE;verbose detail for id 2067347557
2025-01-11 20:11:56;SampleClass6;DEBUG;detail for id 1546542023
2025-01-11 20:11:56;SampleClass5;TRACE;verbose detail for id 990982084
2025-01-11 20:11:56;SampleClass7;TRACE;verbose detail for id 1560323914
2025-01-11 20:11:56;SampleClass8;DEBUG;detail for id 2083681507
2025-01-11 20:11:56;SampleClass3;TRACE;verbose detail for id 1718828806
2025-01-11 20:11:56;SampleClass3;INFO;everything normal for id 530537821
